[
    {
        "id": "recuYvXjZsXumRLPL",
        "createdTime": "2018-03-19T00:37:26.000Z",
        "fields": {
            "groupName": "Tribe of Levi",
            "members": [
                "recv0dAY2ULzJ687g",
                "recCkdqG3oAlsPbjr",
                "recTb6885QcBq63oY",
                "rec2LyU5fsvL5DWDi",
                "rec7RO38bCfPYvTOb",
                "reczASEgOug4WcpAD",
                "recAwTabKxAswbH0G",
                "rec3XDZZ6PvilkHzB",
                "recy5yzjJ7BmZBcDK",
                "rec7csKcLeqTWCNbg",
                "rec9my42oOHLLE7X0",
                "recTKgpZG5te5OvkY",
                "rec6YQLF80m18dwcq",
                "reckBF8oJuvRBlJ4h",
                "recruLaPEjAv4eqmX",
                "recPXtuWYdjyghv7R",
                "recTBcPDYu1W4mrQI",
                "recvlh16MeV75W4od",
                "recwrDYUkCdyU3t85",
                "recxWM1TZ5evubMVK",
                "recpD45W8HMkFby21",
                "recOUKNJKdvoZk8rD",
                "recMkq3jkmCv6Zu42",
                "recARRfL8UzSph2ot",
                "recMXu59HJUXdNeAR",
                "recrdwRdmUFyttWqr",
                "rec4k595Z7XOVhbqF",
                "recHVZNjHgj3RS0H6",
                "recWVHSCrrwFK4w7f",
                "recHNjDcLbhZqME0k",
                "rechHyyuYW5Hb7kET",
                "recT5unXoe0RL1Zhx",
                "recLEYnTrXjwcPA9C",
                "rec1vjkkBBN6sBjro",
                "recyDlo13a3T5DDGh",
                "recaCtsPYYwR0v1Ej",
                "recrPM9qBUr51Uvl3",
                "recAfd9ixMOeylalX",
                "recDyf7d3iDiOGDgS",
                "recrrRakZOdTLAylR",
                "recDigDoGBgJ6fNrO",
                "recLuAdoqN5YiW32l",
                "recZId7tBNmcg6pDZ",
                "reckE2v5xnafaAHdo",
                "recvyuV3CvSco43mt",
                "recYt9dB3lANgvdID",
                "recyHsed0wO7FAPoo",
                "rechwwwFLrmd1LeqE",
                "recKCifIYcTXovrF4",
                "recLZSPzKpd2vkv5O",
                "recogGGM9Jae4sOEs",
                "recUmtvv9Um4TlN2d",
                "recx0o0Q5Ekmf6zFv",
                "recx2ZgJKDwxT84AM",
                "recFQPaTLi1Ad70KS",
                "rec3FyLAt9eefSDQn",
                "rec0S7TIdAHLQCaKo",
                "rec6gCucKvCiwqxng",
                "recPfWKjWXsmHwMla",
                "recx7usC4ShQ2PH7M",
                "recy4HxEvjwgHmL9G",
                "recW6B8hIdx04ROez",
                "recHDQk7cRfiYg17P",
                "recAKsAhysOFyYsim",
                "rectd5gXnzLMLwNgs",
                "recoGUQ2zP22x8I40",
                "rec2dmXQ0vLMDkN4O",
                "recOXtCZgcG7YobCm",
                "rec1Mcw3l21ibjdOf",
                "rec0bWZNJmywJZkeT",
                "recbLlVdetFBPB6T2",
                "recbr1KmEstAjwnG6",
                "recHRO0rI5vzTyKcK",
                "rec5IWlAsKsbNFH1w",
                "recnApCT2WhJJWE0J",
                "recG1plErUS9XkqAf",
                "recQkQ6wN9kIVFY94",
                "recqdjS6SzJwCOniI",
                "recARF4vjW1CIteby",
                "reciH4op1Z8GT2S0j",
                "rec7JBMo87jarOSyJ",
                "recakraFfRLaK5XLq",
                "recDC0essjvBtDo26",
                "recj6qxhRlAZ5QYSm",
                "recSMNQZ6u4BuxHfD",
                "recCZI6JBYVkccfgn",
                "rec5tbvbPTtJBBNVE",
                "recKAGslBR8XPE2K6",
                "recWzMPi9mzsS3IwV",
                "recz0mgPuUGwqaWkK",
                "recxqmePpZGwvUF06",
                "recN8hrWQlHpXaQjI",
                "recc62h1X041TkrpY",
                "recTLCjXw89h0Ojmg",
                "recfAbfAbrsckOQ2t",
                "recRaa8cYrasdXG99",
                "recWJ07BdcGZTkij6",
                "recct2wfzlUslVipr",
                "recBzUE7TpRWp8bhK",
                "recg7azkXBzHPDl8H",
                "recOoGi8gNVJEpNqY",
                "rectOz9dXbxIangOy",
                "recCs62JEnkfTHRaF",
                "recrbd7DEzjHDamsf",
                "rece4MdvDF2ule9OY",
                "recmSgF32FBkhk1Uh",
                "rec1DN6ZM1J3IXyPS",
                "recdIZxgxO61iLEXm",
                "reciuhW0iuXlbgTgR",
                "recEFhkRtAeZ6EvCV",
                "recH8qkVpoPqRtvT1",
                "recu0Tl50RW9pmb8X",
                "reczYPWL5dahKZRCl",
                "recmsEpQeydWbRfbd",
                "recgTPVJPxfKX1eCN",
                "recaQLt7sbhOASTtF",
                "rec0wkOFJQyCcWM1z",
                "recK3ibDanBG8P9fS",
                "recOzCsvuzfpsW4k7",
                "recT72h6teUyP1SLL",
                "recoa86CjVJzbqDCi",
                "recieJwi5IWpozCFK",
                "recvZksoA0NmFrYZ7",
                "recxiKe62yUASiO5Z",
                "recjNRR60PAuFtjha",
                "recErAx0r7cMOcbvP",
                "recCSN4kRre7qWV1P",
                "recDyFpcTpnZlRnCb",
                "recKAqJhwUVWvDDnB",
                "recBBfIERLfXIRiH2",
                "recnQ0kqz2w7Yx2pu",
                "rec1HFpJMz51POjlk",
                "reco1PLjarzcSWIQ6",
                "recaClxo5SWbh8PIe",
                "recPDRskzPNTboSMu",
                "recVZflYlLvF37G0Q",
                "rectJB8hwXjqmOj01",
                "recEbxUYfQKWkjrf8",
                "recnNbE1gKIHO3fqK",
                "recZsS2Zu0zIDwqdv",
                "rec2p9MgA9W7uCQU8",
                "recdAonAgqAfLGdz9",
                "recSL6yYxSYOk3Rqu",
                "recX5o3HqSiYFeD3t",
                "recrWEsLOfvmKvsrk",
                "recvlU77MyXb5w1pu",
                "reckcHvV9CNEKslod",
                "recKXu2Ry0UOhOqAF",
                "recJL6FyIaDt2Rd3Z",
                "rec2BjhSxZEbpDz8l",
                "reclhh0kz2GaI9KIG",
                "reccdEsmGSEygMi2q",
                "recf1pvoLbzAKwTj1",
                "recrmgFbC93CpVLsa",
                "recbHPx3HUY0Q7Bqj",
                "reczMrWxghuArzl4Y",
                "recKBoE5FQS1bVG2c",
                "recfjdma1GKNKYoey",
                "recdDM4fNIRGPObrR",
                "recjExpZFHZDu3yps",
                "recDo0kcnloXP3w6a",
                "recQQrPdefNet5iZG",
                "recUuMdb4xOxwoQtb",
                "recWNVpNGdTSb2lAK",
                "recCTgcsW5CnV8TWg",
                "recrtItRJhsYSq3Z3",
                "reccAPVfernj5Yowe",
                "recil8ETKDbAGI4uh",
                "recSXjtO22BKqBgcS",
                "recfMRYX3T8JePGMs",
                "recQc9WDNrJbX8v26",
                "recr8tf0HL5jsRpXH",
                "recWo4L1G0lrV6hin",
                "recNvNtiQTvhbnUN2",
                "rec6xPagcodrrJGxT",
                "recvfAVYkR3Fea18K",
                "recbfBaBltG4FvWch",
                "recUn38GuMBUhJWuH",
                "recDhG2YO0S87wRkJ",
                "recJ6ymHhmzPmXx1s"
            ],
            "modified": "2020-09-07T20:00:01.000Z",
            "events_dev": [
                "recjkmUO88wihv8Ci",
                "recr71Fz4NHTnGLJ2",
                "recSF4lyBebGjJEXI"
            ]
        }
    },
    {
        "id": "recDMQg1nEIjMnZ58",
        "createdTime": "2018-03-19T00:37:26.000Z",
        "fields": {
            "groupName": "Tribe of Benjamin",
            "members": [
                "rec7W6d7aiN2eqPCh",
                "rece4ugIHH1HXJvDH",
                "recpexHt5l1XupEfg",
                "recQKJZz6151ivGQk",
                "rectzpiMsfbc7oSHa",
                "recnH9sIvVhrdELPs",
                "recrdlNkfhnrb29zj",
                "recFpfS2XwKqVH3cw",
                "recRVtFO6pohVz4Xt",
                "recpICK1Sw7QwVxUd",
                "rec6SaIxwJ1vZJ25A",
                "recLaRXxoVqBhnr9R",
                "recmlWUWDW2zhOG09",
                "rec7cMHJL3LqeKyth",
                "recwifLoKvrUxJy3V",
                "rec3C5fBvv2woRAG6",
                "recHjufCGgzQ4N5Bw",
                "recBOUtTncbBlfEn9",
                "recAlHbvQ871DhVtX",
                "recTu0WG5ruAIjVny",
                "rec8gMidv50fVGr80",
                "recyOsE7tW60nOWh3",
                "recLC6JYLdU0KFTl4",
                "recYgszHkrOJVz2OH",
                "recwre8v3Rggw5OXu",
                "recI331QWOKzrhu5U",
                "reclLo36xBJ8COfhY",
                "recRomoMijozgOqUF",
                "recRoZW1tA5I5FHbr",
                "recSbOw5CvOehBRoG",
                "recBOePf8u86HlXdR",
                "rectiEWboEiukIAhX",
                "recTd2EQlK6lS9uWh",
                "recYt65EePoYUOc7o",
                "reclF0e9zW4BsmF5o",
                "receKLnLFqDlDjaIT",
                "receuA85IaraTtp41",
                "rec9h412zUK5KDqNx",
                "recGa8D853cdYR4ym",
                "recmUIXx2a2PORKrA",
                "recvNPov4G2KhXmQE",
                "recO7nRQUb3uEFk6i",
                "reczq0yZ0IHOQBZS4",
                "recqsjhmzYumdEwLq",
                "reculI8uSZLyDa7ZU",
                "recmLF3DkHikEGrlt",
                "recREZovRXMOTCctd",
                "recG44LmJGtx6hg6f"
            ],
            "modified": "2020-09-07T20:00:01.000Z",
            "events_dev": [
                "recjkmUO88wihv8Ci",
                "recr71Fz4NHTnGLJ2",
                "recSF4lyBebGjJEXI"
            ]
        }
    },
    {
        "id": "rec4hpOWgtnNNXWSJ",
        "createdTime": "2018-03-19T00:37:26.000Z",
        "fields": {
            "groupName": "Tribe of Joseph",
            "members": [
                "rece9Qep7oMQHf1WS",
                "recsMbcLqEhJ52ThW",
                "recceqSlJUCba6VY5",
                "recEQPKOw09kHBuE2",
                "recqcSDTUWWY3vqak",
                "rec9Ntsj6yJTRB6DT",
                "recQh26IgmpRKW3HS",
                "rec5XuRk69kibCzTK",
                "rec1S4nN14Yk7klhb",
                "recA5i34DBc48kky1",
                "recb8ydfs71YfctnG",
                "recO5FCEZqr0WzPhY",
                "recc94FYS7owykXeB",
                "recgke4zteQ8qcAk0",
                "recEtv9ql7Hh4XAW4",
                "recBGM7FM6ZLFt91b",
                "recMJjTSCy0FyWR61",
                "recxCpuPqJTTZalKd",
                "reckyaLJi990Mbh3p",
                "recVi2LPI3hplPL8C",
                "recmm0Y2bRc1a8eS3",
                "recKXvmtz4wABzpxH",
                "rechuDYJoK32gmrME",
                "recLuZtSmAO6erIsc",
                "recN1jJmBFvR88qoX",
                "reciNXQHg1DFrm1nc",
                "recan20YU20ml6vvc",
                "rect960bEp1eeQ9oy",
                "rec1YbscOE9IyJ5ey",
                "recu8valzA3XDHnAB",
                "recauQ3IPfRTuQbBj",
                "rectAKOMFVWfGYUGW",
                "reciJYZX3sDsX2DSA",
                "recfgjyoISoTGHblO",
                "recKcMp07yoEuQn0F",
                "recq1xoU6M097jizG",
                "rec9Bpn3kiykILSEY",
                "recpCd64D5YCzoTO0",
                "reciNIKDNXsFZ43pz",
                "recYBlQ0YMJSlAJQu",
                "rece2iTehC8TbdnUW",
                "recGllq2rdoUh8LJD",
                "rec1MWdzqQpj76OQu",
                "rec1WrurVFg2qHArC",
                "recK1Jvrn9OqjjCbG",
                "rec08Kd5j4fUsF1na",
                "rech8M5t7r67DpIR0",
                "rec2jUocZV6nsN3Ly",
                "recQQxfSPSO5wWdFx",
                "reczaq5SZodNvSVSV",
                "recyHsGKTQm7XDRCb",
                "rec5IfTXcDLvx6ba1"
            ],
            "modified": "2020-09-07T20:00:01.000Z",
            "events_dev": [
                "recjkmUO88wihv8Ci",
                "recr71Fz4NHTnGLJ2",
                "recSF4lyBebGjJEXI"
            ]
        }
    },
    {
        "id": "reciI2noa29XOlF3E",
        "createdTime": "2018-03-19T00:37:26.000Z",
        "fields": {
            "groupName": "Tribe of Judah",
            "members": [
                "recYIZfi53zX3NJh0",
                "recEg9i0J2MgmkZr8",
                "recrMw6oWCF0eXTjI",
                "recSHsQtu9aSZRzOw",
                "reclzT8HJe4ZJB9uN",
                "recEdhjnlbofKC5rc",
                "recL9x2FrJ8IWdGFA",
                "rec70vtYGQf1asZoN",
                "recGN3KbFlztQpDq8",
                "recNbjeA6w6hZvXWa",
                "recMIpVUk92YKxyNs",
                "recLdCyUCRXSRVfcY",
                "recQoq4AXnZxZhOFh",
                "rec83PZfB7PGjHMh0",
                "recLFiAY7YzdibU9y",
                "recIpFiRUi6nZXBdY",
                "recs68WjJ9K58vdML",
                "rec3ifT9RCM6xVeKp",
                "recrZeWeXe9quKQCv",
                "recboZGfTTYJizR9G",
                "receruzYNFLuIW0Kn",
                "recA9vgrqa7VKXAU6",
                "rec894DFEhD0nzF6w",
                "rectyCDQXPV0r8tal",
                "recdbRKAKFLW0gNC0",
                "recqcELNdVA4s3bxT",
                "recGidk9owcM2TGtt",
                "recsSnvyQjThaF5mF",
                "recpy9vtcPL3CVMav",
                "rec0QvPhWYLMToBHA",
                "recaraSBvlHIwaaOB",
                "recuTZx9PNi3rHpju",
                "recETOArOcU47Zbug",
                "recyQoEcavIM47Lng",
                "recGM8omzST49QfAW",
                "recnZKcSQKs6KeS2b",
                "recPOsJsYchjChPbS",
                "recUW7YwRvFlEKnkz",
                "recDjqfiLA69hZBal",
                "recxS649R2xTlFH2o",
                "recdwigjP1jnQlI9s",
                "rec4QEZboAvgaMvkX",
                "recD5yp1lrQTH1DZp",
                "recZEfFW4q5Y2oQ7W",
                "recDRHueaEOdMiXh1",
                "recdUEBr1HD0OmXeR",
                "reczx1LYTChEuVwCA",
                "recRe0bi1uiWYdcYY",
                "recPUD6rcrPGJ63xV",
                "rec3ygN6WYNulWqBM",
                "recyu5kO1cOOs8qIx",
                "rec52FdLYspsHTz6O",
                "rec1ZMFtfbEvoGC73",
                "recmTpy0EhKPQtomo",
                "reci84bAiBZdK8AMY",
                "recMrPw4PinNqXItV",
                "recLMJPw4B6G5tgZj",
                "recXuNF2yQWVO3DRE",
                "recIBopLF5RvOdeGH",
                "recrvIqXnDoQdXXLr",
                "recdyKSVQKEwrNPHM",
                "recfxpBrF0rbWfMWu",
                "recL0aRCR3fpS4xOe",
                "recgqGkjB3fwZwVF2",
                "rec7KAlibhuTuRmLZ",
                "rec7jlnTi8vIXmZyO",
                "reciGkULiubW0Bzb5",
                "recDP070Jjn9UpFQz",
                "recHYuXhC5e9LWWIY",
                "rec6sZKU3puN0lMBt",
                "recweFGNhPLxvydXl",
                "rechBzMEecm1fl5MJ",
                "recNK86AmZ1LbBVAc",
                "recyQtaHyJNKHLUkO",
                "recHeMSbcjy38laMS",
                "reclpVrP60tMPGpdQ",
                "recsOGVfHPektzegI",
                "rec2FYatysZNivpAZ",
                "rec9lhwsGBV6HX3ot",
                "recoqiBDzZ3Gp6RIQ",
                "recuImGXwBnjOkRWw",
                "recXdEmOnwi6LcVos",
                "recFRjOIqBTuq6vJc",
                "recVmG45uGgPFTD3j",
                "recE9l4IhUqnRkmcG",
                "recm7TVuys9gKUKgR",
                "recmiUJhBFvCYpNEa",
                "recmjgSSXqghu1jBf",
                "recImyNNAZAh6IEiw",
                "recqIiEe3WW5E6ut9",
                "recsYMiqsl1OpClV2",
                "recHd40pbWgVj2EW5",
                "recCXcEcDhygNzJY8",
                "reckKeXtBaJRurOgu",
                "recE0It1PY30PeIB7",
                "recNlVijtEIdQhAIm",
                "recuMPLaQzYtlS89l",
                "recAgyv9RNNafnPAg",
                "rectqRGxClezHXeh7",
                "rec6rA7yg3K9ipDg3",
                "recbO7tUz8fk12ExW",
                "rec0QYQffoyQAB6HI",
                "recHaMTWQsxt7bMV1",
                "rec3pI4qTggwF9xOp",
                "recKXddkfDtqf4Anh",
                "recklXrXv958QRAwP",
                "recMDq6NZSuXZNdRd",
                "reco9bEDv9NKzhzvv",
                "rec18sOltOO7wgRQW",
                "rec6C5q2B1DglS5AO",
                "recYZ4WR3Ca1gqbC5",
                "recqTQYbMViGkKZR6",
                "recRuqBdtrgeag4gT",
                "recgp5adoc8eSwON9",
                "recI7wWTEzcdGh3U9",
                "recE0hKis0rQUSZsv",
                "recPQcbE05dGokDVI",
                "reczy1Y7fPcD5BDQh",
                "reckTJIVOYS9ZKKz3",
                "recO6jj8WG1gFfhIR",
                "recRVq3v1aG0UAtsg",
                "recsyU2HqpyE9PeTo",
                "receirdHjT36JrgKt",
                "recyNusCmwtrDBSab",
                "rechPvKgcyi0fufSH",
                "recjmUPCSbEXarzei",
                "recoGYUUPYLjdFBsK",
                "recuR6IIb1qg08gsU",
                "rec9lplwEhGgkXdOn",
                "recgkFqZovgbr3pAi",
                "recyfCcDAO9Ll7uIX",
                "recIk6sWqv4grgo1Z",
                "rec4k1Ho1PLJEhrT1",
                "rec5zO1PrjsHBGpjU",
                "recv3FzGZHiDlcZCj",
                "recA6SoUZemkcNXbN",
                "recVpDXNnNMs5ffrx",
                "recLr7DncYLE2Jnia",
                "reccWtmXBJtPD6LIC",
                "rec07yGethoMT2og9",
                "recclamlHQiKUuV8K",
                "rec3qojm35Re7WKoh",
                "recmdQB07c4EAhEOI",
                "recpHoZBJxJLA065O",
                "recacSsuz24r4pOE3",
                "recz2xTRGz9XZD6dT",
                "recFtmuJvooDZ8tuS",
                "recE3aXpbLg5d8uwM",
                "recL4CaxHa8D0yYrQ",
                "rectKmSGswWg5Hx4b",
                "recNOn1RcB3sCzCnh",
                "recRMsfahAI4RmTZe",
                "recixTYtOt7Ti8nDo",
                "rechrwDPVS9aloOF6",
                "reczNfeuiML2gPGKV",
                "rec0rm6yYA4YUQrkh",
                "recX3d5AI72h6qGF9",
                "recxltvHgiDScMXRQ",
                "reclmxiVDl2tXfF4x",
                "recgaxkPHJaxnGFzX",
                "recgeOjrnCNherCMz",
                "recKQACHUdXoFeBxh",
                "recmJQ1IP1YFUwTL6",
                "recquInSqARQTyi6u",
                "recqqJrXdOtHg3afH",
                "recRzoaBt3wz9bBTN",
                "reclB503V5brNEbjx",
                "recOn4LytahkKuMcb",
                "rec5LjGfCEP8klGHt",
                "rechMipKdoVdIX7Jw",
                "recnheSkryxih4g9J",
                "rectcHsB9mjcqILqc",
                "recEyr5Zh1AmRei8o",
                "recGze7DX2rj7P6oN",
                "recBa0KTBf77IdY8c",
                "recIiCIhUqOjJTxUc",
                "recYmEy77l4REuqtF",
                "recFm6cdNCYMKcJGO",
                "recwtMY51eRtrcxh4",
                "recSvNy4JLZ5IGlYI",
                "rec58dR1ptm9m9LI1",
                "reczIvcwIQn7eXS7Y",
                "recKDjQwWVJFXSvd6",
                "recD8WDUZtmlX6anv",
                "recIygOsFAYNSpJUj",
                "receijLoiUmHMKqzl",
                "recs42HDZSHXKHQcX",
                "recxSRUm1Y6pXoZmu",
                "recUDLYiodtPKHuXc",
                "recn2SX3r73jFJWhF",
                "recWLO40DcFORhMni",
                "recE7DalnTgU8HqaZ",
                "recdhu8LJbRo4Hxty",
                "rechVdaexhTWffGwx",
                "recvcyxQJZhgpZHOW",
                "recMCxddYTUo53Z9K",
                "recPb6u81qAX46CYI",
                "recRxxOZE6sXySKQM",
                "rectDn5oa2vLcaeVF",
                "rec6Oi06Gou83vV2w",
                "recUmefAnajs99cir",
                "rec96VSmqAtjucdBS",
                "recKGRC8vUP5GDFiq",
                "rec7Ya7LHpMLEROdy",
                "recgOz252vJvDLT82",
                "recaI10eYw8BBEqFc",
                "rec4nFJKZCF1VRPV9",
                "recFUat76XVKF2CL7",
                "recDC7zG0WbsHOdvm",
                "recBnkBZbuBKKphjg",
                "rectbhvz2LqkGzLwd",
                "recMUZkUfOwBiZ3jk",
                "recIpqB48hmjABksj",
                "recxDs613r5LdFUDt",
                "recH7JpZUIqyGxHkt",
                "recFfrgWCvTSwKxZC",
                "recGz41DjWiaj87PX",
                "recdjz0yO2qzJw2nD",
                "recqQthL4TAHb0KeC",
                "recxENmF73Niu9qKM",
                "recuTuD9zcBcE5kXE",
                "recE7x8A4WaYj4vRe",
                "recyodFnJCZMINzE6",
                "recraQqUWBJDGdOcL",
                "recV8oOmvulOw2wSz",
                "recWqKsXPDazPbzss",
                "rec3NaaHphXGSeXdP",
                "recweWO3J8N1k6Xzs",
                "rec7lam8Wj75jGJVK",
                "rec4SiJn3qzcVJbCm",
                "recGp4u4tU5XD6sFK",
                "recEHVvUw2j2tKiHK",
                "rec9lmrkS4r7NmjYG",
                "rec3MO3I7NnWikHuv",
                "rec63V9jHXmZUUoot",
                "recKfrGorOhs3JwFF",
                "recG85ZxQmYlj2vnx",
                "recULQuzBCmOmu8KT",
                "recLeCDZ3zDUeKqGW",
                "rec3SaGV8VQmWyxva",
                "reckc3GrjxFxocFfA",
                "recxH9O2y9AMy6TDM",
                "recJRyPBsNaXqZMmh",
                "rec6uRtuoTphwfzxH",
                "rec6jDEslGAnDLQAi",
                "recQx928ZvO5inUJM",
                "recRrbOh66mhvkFCI",
                "recRGhBwbTW3xjCiu",
                "rec0pylMTvkkfmwSw",
                "recO9sxAjyVP4tKe9",
                "recKsna5xnrliOADq",
                "recU0oAIky3Tegdwi",
                "recvwM6UwmaVMdquV",
                "recnA1qmtbs2O6bR5",
                "rec2Tj73plMEoM5sG",
                "recAcOKOsOZsosxsN",
                "rec8R7Os9hEDyuTkI",
                "rec0BAacWSGBXZ0zI",
                "recWfXI5GaLhZTDeT",
                "rechWXNTz4Lf906rK",
                "recsfBxzVjwrj8Eeb",
                "recIWwPdzBLds2Q9a",
                "recqDRbi0SGb2DiY9",
                "recN1L1o4ctC6qpO7",
                "rec4QeGbvAwa56yBh",
                "recZOriotFt9GIf6b",
                "recpisS6mSVoCMim0",
                "recm7DfqRuXV83jTD",
                "recTtnG9nxISdSKT3",
                "recg7o6VW80KwLJz7",
                "rec5naIzF29A8wJIP",
                "recRNkRmTCTCbcGVw",
                "recFivkpgt7rlJWwz",
                "recrJmzcfPMwyGBbZ",
                "rec0lXwCB3xvWjTVN",
                "reciAzG2W23BNFFR4",
                "recTAjRQnFqthQI6N",
                "rec9kWwxTer8CCKPM"
            ],
            "verses": [
                "recDl7QYLCsVnnMwn"
            ],
            "modified": "2020-09-07T20:00:01.000Z",
            "events_dev": [
                "recjkmUO88wihv8Ci",
                "recr71Fz4NHTnGLJ2",
                "recSF4lyBebGjJEXI"
            ]
        }
    },
    {
        "id": "rechHR2dYztVvgNWa",
        "createdTime": "2018-03-19T00:37:26.000Z",
        "fields": {
            "groupName": "Genealogy of Jesus",
            "members": [
                "reck2X1F3OBtxfauF",
                "recEg9i0J2MgmkZr8",
                "reclzT8HJe4ZJB9uN",
                "reccdFYIq50NyxNej",
                "recEdhjnlbofKC5rc",
                "rec70vtYGQf1asZoN",
                "rec75D3Ir3BzzypQN",
                "recyYgUiSETdWFgEP",
                "recNbjeA6w6hZvXWa",
                "rec91wntVnuliHv7E",
                "recQoq4AXnZxZhOFh",
                "rec83PZfB7PGjHMh0",
                "receruzYNFLuIW0Kn",
                "rec7PbHkpE6zoFtYB",
                "recA9vgrqa7VKXAU6",
                "rectyCDQXPV0r8tal",
                "recdbRKAKFLW0gNC0",
                "recDncefA67SnXVsu",
                "recaraSBvlHIwaaOB",
                "recjyWBYEzNaB2uZC",
                "recPOsJsYchjChPbS",
                "recKLKmdOHYlmwggw",
                "rec48avi3AS18d5V6",
                "recD5yp1lrQTH1DZp",
                "recyuyvniLPCMOZyl",
                "recxe1obdXUDGPcZT",
                "recRe0bi1uiWYdcYY",
                "rec1ZMFtfbEvoGC73",
                "recRO35quNb37mHVy",
                "reci84bAiBZdK8AMY",
                "recXuNF2yQWVO3DRE",
                "recIBopLF5RvOdeGH",
                "recKpOnq0kybIXqL4",
                "recdyKSVQKEwrNPHM",
                "recDP070Jjn9UpFQz",
                "recHYuXhC5e9LWWIY",
                "recpTGfTZ4ipuuSuK",
                "recj26MAojx8FuOsa",
                "reco5AjdpK6pP1m0n",
                "recyQtaHyJNKHLUkO",
                "recHeMSbcjy38laMS",
                "recNp3ESHXpHt2cUh",
                "recXhV7rg0zIf4OIB",
                "reccZB8SVU5bEMcgo",
                "recjUidl1Prwi5w5B",
                "recCXcEcDhygNzJY8",
                "recgjY9uUSXywgPBc",
                "recNlVijtEIdQhAIm",
                "recAgyv9RNNafnPAg",
                "recqIoG1fkaNWJ1y0",
                "recsU2ZSdzBvDqzgI",
                "reco9bEDv9NKzhzvv",
                "recI7wWTEzcdGh3U9",
                "rechDI5vmWFtiVmYq",
                "recBD7sQUzjJYTdn3",
                "recuQ1FSZvCUCpQNS",
                "reculjWbbURE9iY8o",
                "recO6jj8WG1gFfhIR",
                "recRVq3v1aG0UAtsg",
                "recsyU2HqpyE9PeTo",
                "recyNusCmwtrDBSab",
                "recKNb3HobCNmQcfO",
                "rec9lplwEhGgkXdOn",
                "recgkFqZovgbr3pAi",
                "recJRZ55dvZRRb0mg",
                "recv3FzGZHiDlcZCj",
                "recA6SoUZemkcNXbN",
                "rec3qojm35Re7WKoh",
                "recpHoZBJxJLA065O",
                "recacSsuz24r4pOE3",
                "recz2xTRGz9XZD6dT",
                "recFtmuJvooDZ8tuS",
                "recE3aXpbLg5d8uwM",
                "recL4CaxHa8D0yYrQ",
                "recNOn1RcB3sCzCnh",
                "recRMsfahAI4RmTZe",
                "rechrwDPVS9aloOF6",
                "reczNfeuiML2gPGKV",
                "rec0rm6yYA4YUQrkh",
                "recmpe4tTxcQ9YpS5",
                "recKQACHUdXoFeBxh",
                "recmJQ1IP1YFUwTL6",
                "recA4tXUHqbDfzT8o",
                "recmGUzaFR2xi2Fjr",
                "recqqJrXdOtHg3afH",
                "recGo4Uek8ZB1jrJQ",
                "rec5LjGfCEP8klGHt",
                "recnheSkryxih4g9J",
                "rectcHsB9mjcqILqc",
                "recEyr5Zh1AmRei8o",
                "recGze7DX2rj7P6oN",
                "recBa0KTBf77IdY8c",
                "recIiCIhUqOjJTxUc",
                "recYmEy77l4REuqtF",
                "recFm6cdNCYMKcJGO",
                "recwtMY51eRtrcxh4",
                "recSvNy4JLZ5IGlYI",
                "rec58dR1ptm9m9LI1",
                "recfiTEIha0iiq7to",
                "recLggPghs0fnCfHB",
                "recIAAd2MVLAfQtAW",
                "recxSRUm1Y6pXoZmu",
                "recyVuQvM4Ue7gOd4",
                "recUDLYiodtPKHuXc",
                "recn2SX3r73jFJWhF",
                "recWLO40DcFORhMni",
                "rec3rRfDMJzuNPKNk",
                "recvcyxQJZhgpZHOW",
                "recVMHzYdllgvTo09",
                "rectDn5oa2vLcaeVF",
                "reck40BPIsL4eOuMr",
                "recVXO78PqCxhqQSg",
                "recaI10eYw8BBEqFc",
                "recIkDyjqErbTqdt0",
                "recMUZkUfOwBiZ3jk",
                "recAqIp5Uz2jF3BQD",
                "recH7JpZUIqyGxHkt",
                "recqQthL4TAHb0KeC",
                "recmCYRmiSdCy63Fc",
                "recE7x8A4WaYj4vRe",
                "recUgHX8TjNBQ3aXd",
                "recyodFnJCZMINzE6",
                "recMoCCDPVw5IzYq8",
                "recraQqUWBJDGdOcL",
                "recWqKsXPDazPbzss",
                "rec4SiJn3qzcVJbCm",
                "rec5I7GZ9sLwh0hI2",
                "recdvASnxGfjfmvDM",
                "recOCbR2kuXoxyvkq",
                "recovdiRcToKP19Bh",
                "recAcOKOsOZsosxsN",
                "rec0BAacWSGBXZ0zI",
                "recYllqCuNPptctrq",
                "recWebxxpYTeBY93z",
                "recXBYSWubfkpqNQm",
                "recBDmjsbwLbasfN3",
                "recZOriotFt9GIf6b",
                "recU9fgzUOc5OZ8xr",
                "rec1QLIVZP3KojpbY",
                "recnSrVm18Xp6I2qk",
                "rec0lXwCB3xvWjTVN",
                "recfjweXQEdOHLzsN",
                "rec9kWwxTer8CCKPM"
            ]
        }
    },
    {
        "id": "recwaeE7xPtLQrgEJ",
        "createdTime": "2018-03-19T00:37:26.000Z",
        "fields": {
            "groupName": "Tribe of Reuben",
            "members": [
                "rec8lYNa5C3L0QjP7",
                "rec4MNqdM4NNH0eBC",
                "rec3iMYLIVkttjae6",
                "recr8Qrl4yVCFfjvU",
                "rec7AvqLWfSYNkmb1",
                "recGyiKSySYMve0Cx",
                "recdyjZ1d8oc4SVe3",
                "rec3hEUuRodQfjZYS",
                "recto9z3tEOnLjVOi"
            ],
            "modified": "2020-09-13T02:02:22.000Z",
            "events_dev": [
                "recjkmUO88wihv8Ci",
                "recr71Fz4NHTnGLJ2",
                "recSF4lyBebGjJEXI"
            ],
            "partOf": [
                "recsTcOXoP1DEM5lL"
            ]
        }
    },
    {
        "id": "recDbqwwwM8CIHQ7b",
        "createdTime": "2018-03-19T00:37:26.000Z",
        "fields": {
            "groupName": "Tribe of Asher",
            "members": [
                "recCM0c6trW9z7q1Z",
                "recRMwAXMTzu8tgx6",
                "recU9XsTG0he9A5bb",
                "rec0oNQ6zOdpCS0gL",
                "recfvxrvKo004gSzB",
                "rectGDQCkKqZ6LgGB",
                "recPvZGb0Uy5LwYxN",
                "recLgi5PywkJLHrbU",
                "recrXLKAyX6Li4E47",
                "recK7tjcp3jQp5ump",
                "recxyiI7JbKuygsmh",
                "recsEuguiub0F7XVY",
                "recUKxNdhQX6jyhtt",
                "recP0wHmZLQ9iFq87",
                "recKzafi1J3G5ynNM",
                "recmjoavfsyFJcm9S",
                "recKZPcVMYvj16Zfq",
                "recyd5LSvHIs9X0yq",
                "rec3CORidzbPcPzM8",
                "recxz756kqnPMbq2b",
                "recjIwaUnKvnbjNl1",
                "recWEHlm4JehJYbo8",
                "recrodfeksFKWh6uK",
                "recJMQc4aSfZDQbt4",
                "recJgVBssemL5nw9w",
                "reckfpimfRLRkD8rp",
                "recToEHysMuMQvUug",
                "recD1Bs7y3vGxbbYy",
                "recG0ma5agy07pk1l",
                "recK4v6klWsRZ63lI",
                "rec6bEUam4FijpLgR",
                "recYaEiB9t8FD532i",
                "recAMJERcJhmNbDlD",
                "rec8vBEJleQImQwKA",
                "recWtgCA4q9rrPMzn",
                "recUCbB82qy2CGIdz",
                "rec4wfrGVYUlNmBH9",
                "reczOF2U1CDxAfXfz",
                "recXL28rWpTqcGeVq",
                "recjCEJz0rX1EZp6a",
                "recwvVFoKdTrG4yiz"
            ],
            "modified": "2020-09-13T02:02:24.000Z",
            "events_dev": [
                "recjkmUO88wihv8Ci",
                "recr71Fz4NHTnGLJ2",
                "recSF4lyBebGjJEXI"
            ],
            "partOf": [
                "recsTcOXoP1DEM5lL"
            ]
        }
    },
    {
        "id": "recLFeuBGwEeYYFWm",
        "createdTime": "2018-03-19T00:37:26.000Z",
        "fields": {
            "groupName": "Tribe of Gad",
            "members": [
                "recOjWIMdBW4mqhOm",
                "recOE8azA8qN08QRq",
                "recX87Zi04zjkPecS",
                "recDggWlQNbxJLalN",
                "rechml8XjNIc7rYei",
                "recPywmw0Czl7uOUq",
                "recQ9D19NlBxM45q3",
                "recV4ZJRTOSo4pTjq"
            ],
            "modified": "2020-09-13T02:02:25.000Z",
            "events_dev": [
                "recjkmUO88wihv8Ci",
                "recr71Fz4NHTnGLJ2",
                "recSF4lyBebGjJEXI"
            ],
            "partOf": [
                "recsTcOXoP1DEM5lL"
            ]
        }
    },
    {
        "id": "recMcWETuGovYX3t8",
        "createdTime": "2018-03-19T00:37:26.000Z",
        "fields": {
            "groupName": "Tribe of Dan",
            "members": [
                "recwqzXQjpmdyyW9y",
                "recM8vhtW0bf4XfFn"
            ],
            "modified": "2020-09-13T02:02:26.000Z",
            "events_dev": [
                "recjkmUO88wihv8Ci",
                "recr71Fz4NHTnGLJ2",
                "recSF4lyBebGjJEXI"
            ],
            "partOf": [
                "recsTcOXoP1DEM5lL"
            ]
        }
    },
    {
        "id": "recIkGAnMRfAU1jgS",
        "createdTime": "2018-03-19T00:37:26.000Z",
        "fields": {
            "groupName": "Tribe of Zebulun",
            "members": [
                "recDcJyTBzshxHqmO",
                "recmyEBRCpWn3z151",
                "recoRJK3ReuIPIsUc",
                "recZ6YiBydClBiVVJ"
            ],
            "modified": "2020-09-13T02:02:26.000Z",
            "events_dev": [
                "recjkmUO88wihv8Ci",
                "recr71Fz4NHTnGLJ2",
                "recSF4lyBebGjJEXI"
            ],
            "partOf": [
                "recsTcOXoP1DEM5lL"
            ]
        }
    },
    {
        "id": "recvLnTX1XqhvGBx8",
        "createdTime": "2018-03-19T00:37:26.000Z",
        "fields": {
            "groupName": "Tribe of Naphtali",
            "members": [
                "recJ4lYdxuYyO07H7",
                "recAbweFk5S3ILg8s",
                "rec8rL9g71oMCW8CK",
                "recmAUAIwW85ajksn",
                "recquuEF4qN3GVe2c"
            ],
            "modified": "2020-09-13T02:02:26.000Z",
            "events_dev": [
                "recjkmUO88wihv8Ci",
                "recr71Fz4NHTnGLJ2",
                "recSF4lyBebGjJEXI"
            ],
            "partOf": [
                "recsTcOXoP1DEM5lL"
            ]
        }
    },
    {
        "id": "recvnLGddvfa6P9fU",
        "createdTime": "2018-03-19T00:37:26.000Z",
        "fields": {
            "groupName": "Tribe of Simeon",
            "members": [
                "recdbnb7AtkqHC5o7",
                "recq1vMzVPAJ0J2tk",
                "recQcPBfi7QsKj2qR",
                "receHsiIGo9xLjgls",
                "recykQp1Ly0SJ3C13",
                "recAMkYn7pPXMbUry",
                "recqRZfZwTzEyT9m2",
                "recBZy9akm2fPbRYS",
                "recFevgdCvLxkaEcW",
                "rec83LiYugiyyTBmY",
                "recjDsafRYaksAqa1",
                "recYR0bYFdRHez4x5",
                "recdjCxSoKilwrxC1"
            ],
            "modified": "2020-09-13T02:02:27.000Z",
            "events_dev": [
                "recjkmUO88wihv8Ci",
                "recr71Fz4NHTnGLJ2",
                "recSF4lyBebGjJEXI"
            ],
            "partOf": [
                "recsTcOXoP1DEM5lL"
            ]
        }
    },
    {
        "id": "recad5Sz0E9gKbWYe",
        "createdTime": "2018-03-19T00:37:26.000Z",
        "fields": {
            "groupName": "Tribe of Issachar",
            "members": [
                "recBvYZAWw9591aQv",
                "rec3HzZknu1HOvNci",
                "recSqYn2ABrBJVnae",
                "recGF2PLxIbJB6qE6",
                "rec0xO99xdlEFpsJY",
                "recsdgUZW3ZkZNIWz",
                "recnTketelfDR6oCN",
                "recCAp2scUkcGqhxD",
                "recMvdM6R6pRTqYZS",
                "recGTYWi6VlmSqMhr",
                "recqt6z1Yq81Dy8j9",
                "rec164qiLbKMXQtmS",
                "recaQ0Gd65s3OoUBa",
                "recRfHXuYOANSE5lm",
                "rec09ciuLItlm8eWw",
                "recvXbfxu4zy0yWnk"
            ],
            "modified": "2020-09-13T02:02:27.000Z",
            "events_dev": [
                "recjkmUO88wihv8Ci",
                "recr71Fz4NHTnGLJ2",
                "recSF4lyBebGjJEXI"
            ],
            "partOf": [
                "recsTcOXoP1DEM5lL"
            ]
        }
    },
    {
        "id": "recDquhyNAst5bTvn",
        "createdTime": "2018-05-13T20:01:17.000Z",
        "fields": {
            "groupName": "Apostles",
            "members": [
                "recX9MMADoVI2CSP1",
                "recpvMKljbEMuiK9e",
                "recvAB7vkczUEFH8Z",
                "recjr23nobw1dkYdl",
                "rec9fHLTg7VkJ0h4l",
                "recVRtBEdN8mgLhHN",
                "reckJ4vuXzqDbTrMP",
                "recb1JorKSXGAF6Vg",
                "recg3914bVvyjBOfN",
                "rec95raiD3sLuptbO",
                "recONdJVwpYA57oAi",
                "recRuqBdtrgeag4gT"
            ],
            "modified": "2025-05-01T01:22:54.000Z",
            "events_dev": [
                "recajWYSuk71jMpgi",
                "recDFt0ANS33dAxri",
                "recpYSwD914PD9tHU",
                "recSpTfIckUAeEOLd",
                "rec5EydSXHdbLbzk1",
                "recMCgwIq1sw9Q779",
                "reccrRGqDRLWjCHog",
                "recqtoV4JQiYCmkZN",
                "recBuPmgXN9v9X6WI",
                "rec4eZvHbmI1QToIw",
                "recXhKGCw4B1CjXQB",
                "recyFfX2l12rwEkqk",
                "recvkY2icLy3QDClR",
                "recIZ6XquF0X7jaNE",
                "rec5EAcIz2rHZRN8q",
                "rec70ZLu9pdrEWXR9",
                "recMIEeRCAf7IGRwc"
            ]
        }
    },
    {
        "id": "recb9l9ttaZlODOFV",
        "createdTime": "2018-08-20T16:34:00.000Z",
        "fields": {
            "groupName": "Apostles (The Eleven)",
            "members": [
                "recX9MMADoVI2CSP1",
                "recpvMKljbEMuiK9e",
                "recvAB7vkczUEFH8Z",
                "recjr23nobw1dkYdl",
                "rec9fHLTg7VkJ0h4l",
                "recVRtBEdN8mgLhHN",
                "reckJ4vuXzqDbTrMP",
                "recb1JorKSXGAF6Vg",
                "recg3914bVvyjBOfN",
                "recONdJVwpYA57oAi",
                "recRuqBdtrgeag4gT"
            ],
            "events": "The Holy Spirit is promised, Jesus ascends to Heaven, Matthias replaces Judas",
            "modified": "2023-12-02T23:09:33.000Z",
            "events_dev": [
                "recvfB75N6vrQwhWW",
                "rec06pcAZBChUBKxF",
                "reczDqE366xgbgv2C"
            ]
        }
    },
    {
        "id": "recBC0I2HaciTQbaa",
        "createdTime": "2018-08-20T16:33:48.000Z",
        "fields": {
            "groupName": "Apostles (Post-Ascension)",
            "members": [
                "recAKZBlllSFGbCSM",
                "recX9MMADoVI2CSP1",
                "recpvMKljbEMuiK9e",
                "recvAB7vkczUEFH8Z",
                "recjr23nobw1dkYdl",
                "rec9fHLTg7VkJ0h4l",
                "recVRtBEdN8mgLhHN",
                "reckJ4vuXzqDbTrMP",
                "recb1JorKSXGAF6Vg",
                "recg3914bVvyjBOfN",
                "recONdJVwpYA57oAi",
                "recRuqBdtrgeag4gT"
            ],
            "events": "The Holy Spirit comes, Matthias replaces Judas, Apostles work signs and wonders in Solomon's Portico, \"Apostles arrested, put on trial\", Gamaliel advises the counsel and Apostles freed, Seven chosen to serve, Jerusalem Council",
            "modified": "2023-12-02T23:09:33.000Z",
            "events_dev": [
                "reczDqE366xgbgv2C",
                "recIu7xhASS4Ufyfd",
                "rectkWZqlKG1cfOQT",
                "recCcRDJtUxaIqXnD",
                "rec1qE6wAe0XINRoV",
                "recXUpfeHouc4qLEl",
                "recwmsQ1HEDGztu9O"
            ]
        }
    },
    {
        "id": "reczbTTVKjfGyCOJS",
        "createdTime": "2020-05-15T01:34:04.000Z",
        "fields": {
            "groupName": "Line of Cain",
            "members": [
                "recOHEV7ktu3ugWOD",
                "recCoSSvTtFmv69oV",
                "rec5ZruSfa4sU2oCU",
                "recKXlRClK5LyUAS0",
                "recpC0LDC57FA04Wd",
                "recrXQC6zQIX97CmN",
                "recVhnKz7p6Itqx94",
                "recoQd6Yn0SynMgUs",
                "recHxZ1b7KH2n3MBw"
            ],
            "modified": "2020-05-15T01:39:10.000Z"
        }
    },
    {
        "id": "recsTcOXoP1DEM5lL",
        "createdTime": "2020-07-10T12:06:09.000Z",
        "fields": {
            "groupName": "Nation of Israel",
            "verses": [
                "recq6FKwdJlNTduhu",
                "recRrDhkXh71tOrOi",
                "recKCys6V9N7KcOF7",
                "recbvVW6idRuBsw9a",
                "recyxAcGXw9HypE3S",
                "recNpthjLl3hONeBJ",
                "recNLQtWyyOpqxhmF",
                "recv01auVWeVAMJYo",
                "recVwrFM4xvUxA9LQ",
                "reciAUFu1T9xeoCvG",
                "recAaYc00mUmh8UON",
                "recneQvldBplXZCYu"
            ],
            "modified": "2020-09-13T20:09:33.000Z",
            "events_dev": [
                "recUvk5tT0xGxR71o",
                "recG0Smwr0v3S7ShM",
                "recxl5FkotW1u50nA",
                "recEpl6nDyA0TWVdW",
                "rec07gtJgfa7skhaQ",
                "recoroJg305CLphtu",
                "recSF4lyBebGjJEXI",
                "recvA947nCyo8kadV",
                "recr71Fz4NHTnGLJ2",
                "recjkmUO88wihv8Ci",
                "recNAaoS2dLaYGVgh",
                "recD6xiJWvESO0Wea",
                "recNLSBgKYUyByJwa",
                "recWw6t8usixUbFOU",
                "rectQ4Vg6XbpTyR92",
                "rec7nesNMNffYRe3F",
                "rec3z1OqSDMH0rR7y",
                "recAfJj3Pv6wRG2nj",
                "reczOHadpTVOuiidp",
                "recGFZbQIjuGwXtTy",
                "recoKV71uxsJeHTWW",
                "rec24EmrBZzGvOD2U",
                "recSRPo1LlWZ7tNaO"
            ]
        }
    },
    {
        "id": "rece1YqBLVhuMs8zW",
        "createdTime": "2021-07-06T12:54:05.000Z",
        "fields": {
            "groupName": "Disciples of John",
            "modified": "2021-07-07T20:25:39.000Z",
            "events_dev": [
                "recj0lpW2pEiRfASU",
                "recbt0ME8XMDoNbVc"
            ]
        }
    },
    {
        "id": "recbqH6urBQvfVPz1",
        "createdTime": "2021-07-09T20:17:57.000Z",
        "fields": {
            "groupName": "Pharisees",
            "modified": "2025-05-06T22:54:24.000Z",
            "events_dev": [
                "recDFt0ANS33dAxri",
                "reciGxBNHjPZwHKvO",
                "recah9fwlW8Xyk4gn",
                "recqtoV4JQiYCmkZN",
                "recZcjp3TlQQqapTX",
                "recWT2eiDCOXEAbGB",
                "recD6VSiTfaITZLz4",
                "recxURN2uAbTe7CGr",
                "recrSSo7ihKbdos1g",
                "recZhxqZJmXuGMdvd",
                "recrwlbTDWOETPpei"
            ]
        }
    },
    {
        "id": "recpa0oGIarzpwKkL",
        "createdTime": "2024-02-02T02:27:48.000Z",
        "fields": {
            "groupName": "Scribes",
            "modified": "2025-01-22T22:52:13.000Z",
            "events_dev": [
                "recah9fwlW8Xyk4gn",
                "recWT2eiDCOXEAbGB"
            ]
        }
    },
    {
        "id": "recKp5SL9R1I8Ll9D",
        "createdTime": "2024-02-02T02:53:07.000Z",
        "fields": {
            "groupName": "Sadducees",
            "modified": "2024-02-02T02:53:07.000Z",
            "events_dev": [
                "recqtoV4JQiYCmkZN"
            ]
        }
    }
]