[
    {
        "id": "recPI0EyJYFA3IUUZ",
        "createdTime": "2018-04-28T22:40:37.000Z",
        "fields": {
            "yearNum": "-4004",
            "peopleBorn": [
                "recyYgUiSETdWFgEP",
                "recXhV7rg0zIf4OIB"
            ],
            "events": "God creates all things, God creates man and woman, Man falls into sin",
            "isoYear": -4003,
            "BC-AD": "BC",
            "formattedYear": "4004 BC",
            "modified": "2023-12-02T23:09:33.000Z"
        }
    },
    {
        "id": "recx2YkWmmFu6YEek",
        "createdTime": "2018-04-28T22:40:37.000Z",
        "fields": {
            "yearNum": "-3941",
            "isoYear": -3940,
            "BC-AD": "BC",
            "formattedYear": "3941 BC",
            "modified": "2019-07-22T00:52:33.000Z"
        }
    },
    {
        "id": "recSvK8ePU8lPsR6w",
        "createdTime": "2018-04-28T22:40:37.000Z",
        "fields": {
            "yearNum": "-3939",
            "isoYear": -3938,
            "BC-AD": "BC",
            "formattedYear": "3939 BC",
            "modified": "2020-05-15T01:08:09.000Z"
        }
    },
    {
        "id": "recKRunNjf9LIuUkv",
        "createdTime": "2018-04-28T22:40:37.000Z",
        "fields": {
            "yearNum": "-3938",
            "peopleBorn": [
                "reccpdazfRa8RGKt6"
            ],
            "isoYear": -3937,
            "BC-AD": "BC",
            "formattedYear": "3938 BC",
            "modified": "2019-07-22T00:52:33.000Z"
        }
    },
    {
        "id": "rec12vrRTA6eBHROo",
        "createdTime": "2018-04-28T22:41:19.000Z",
        "fields": {
            "yearNum": "-3880",
            "peopleDied": [
                "reccpdazfRa8RGKt6"
            ],
            "isoYear": -3879,
            "BC-AD": "BC",
            "formattedYear": "3880 BC",
            "modified": "2019-07-22T00:52:33.000Z"
        }
    },
    {
        "id": "recYukSyaqOvmaFGY",
        "createdTime": "2018-04-28T22:40:37.000Z",
        "fields": {
            "yearNum": "-3811",
            "isoYear": -3810,
            "BC-AD": "BC",
            "formattedYear": "3811 BC",
            "modified": "2019-07-22T00:52:33.000Z"
        }
    },
    {
        "id": "recOz4jjj5RCN2cgu",
        "createdTime": "2018-09-23T19:20:27.000Z",
        "fields": {
            "yearNum": "-3769",
            "peopleBorn": [
                "reco5AjdpK6pP1m0n"
            ],
            "isoYear": -3768,
            "BC-AD": "BC",
            "formattedYear": "3769 BC",
            "modified": "2019-07-22T00:52:33.000Z"
        }
    },
    {
        "id": "reclLsU4DBwUKrqX8",
        "createdTime": "2018-04-28T22:40:37.000Z",
        "fields": {
            "yearNum": "-3706",
            "isoYear": -3705,
            "BC-AD": "BC",
            "formattedYear": "3706 BC",
            "modified": "2019-07-22T00:52:33.000Z"
        }
    },
    {
        "id": "recdDwpt38VeYJNR7",
        "createdTime": "2018-09-23T19:21:03.000Z",
        "fields": {
            "yearNum": "-3679",
            "peopleBorn": [
                "recyuyvniLPCMOZyl"
            ],
            "isoYear": -3678,
            "BC-AD": "BC",
            "formattedYear": "3679 BC",
            "modified": "2019-07-22T00:52:33.000Z"
        }
    },
    {
        "id": "recBO84UTbBatXRRJ",
        "createdTime": "2018-04-28T22:40:37.000Z",
        "fields": {
            "yearNum": "-3616",
            "isoYear": -3615,
            "BC-AD": "BC",
            "formattedYear": "3616 BC",
            "modified": "2019-07-22T00:52:33.000Z"
        }
    },
    {
        "id": "recafqiB8hS8HB0Py",
        "createdTime": "2018-09-23T19:21:39.000Z",
        "fields": {
            "yearNum": "-3609",
            "peopleBorn": [
                "recGo4Uek8ZB1jrJQ"
            ],
            "isoYear": -3608,
            "BC-AD": "BC",
            "formattedYear": "3609 BC",
            "modified": "2019-07-22T00:52:33.000Z"
        }
    },
    {
        "id": "reco9kmm5t22yeqsO",
        "createdTime": "2018-04-28T22:40:37.000Z",
        "fields": {
            "yearNum": "-3546",
            "isoYear": -3545,
            "BC-AD": "BC",
            "formattedYear": "3546 BC",
            "modified": "2019-07-22T00:52:33.000Z"
        }
    },
    {
        "id": "recksE3TqulmT2GJN",
        "createdTime": "2018-09-23T19:22:23.000Z",
        "fields": {
            "yearNum": "-3544",
            "peopleBorn": [
                "rechDI5vmWFtiVmYq"
            ],
            "isoYear": -3543,
            "BC-AD": "BC",
            "formattedYear": "3544 BC",
            "modified": "2019-07-22T00:52:33.000Z"
        }
    },
    {
        "id": "recigCUumwqIrKowP",
        "createdTime": "2018-04-28T22:40:37.000Z",
        "fields": {
            "yearNum": "-3481",
            "isoYear": -3480,
            "BC-AD": "BC",
            "formattedYear": "3481 BC",
            "modified": "2019-07-22T00:52:33.000Z"
        }
    },
    {
        "id": "recqlGcNYE3LsBWqG",
        "createdTime": "2018-09-23T19:23:04.000Z",
        "fields": {
            "yearNum": "-3382",
            "peopleBorn": [
                "recj26MAojx8FuOsa"
            ],
            "isoYear": -3381,
            "BC-AD": "BC",
            "formattedYear": "3382 BC",
            "modified": "2019-07-22T00:52:33.000Z"
        }
    },
    {
        "id": "rec7telhNjxxVCLut",
        "createdTime": "2018-04-28T22:40:37.000Z",
        "fields": {
            "yearNum": "-3319",
            "isoYear": -3318,
            "BC-AD": "BC",
            "formattedYear": "3319 BC",
            "modified": "2019-07-22T00:52:33.000Z"
        }
    },
    {
        "id": "recUHfJNmCbxV2Rud",
        "createdTime": "2018-09-23T19:23:30.000Z",
        "fields": {
            "yearNum": "-3317",
            "peopleBorn": [
                "recLggPghs0fnCfHB"
            ],
            "isoYear": -3316,
            "BC-AD": "BC",
            "formattedYear": "3317 BC",
            "modified": "2019-07-22T00:52:33.000Z"
        }
    },
    {
        "id": "recba3aMil3ttfvRO",
        "createdTime": "2018-04-28T22:40:37.000Z",
        "fields": {
            "yearNum": "-3254",
            "isoYear": -3253,
            "BC-AD": "BC",
            "formattedYear": "3254 BC",
            "modified": "2019-07-22T00:52:33.000Z"
        }
    },
    {
        "id": "recxFunacsqAE9PJW",
        "createdTime": "2018-09-23T19:24:04.000Z",
        "fields": {
            "yearNum": "-3130",
            "peopleBorn": [
                "recmpe4tTxcQ9YpS5"
            ],
            "isoYear": -3129,
            "BC-AD": "BC",
            "formattedYear": "3130 BC",
            "modified": "2019-07-22T00:52:33.000Z"
        }
    },
    {
        "id": "recLy7brBTiSDu8ly",
        "createdTime": "2018-04-28T22:41:19.000Z",
        "fields": {
            "yearNum": "-3074",
            "peopleDied": [
                "recyYgUiSETdWFgEP"
            ],
            "isoYear": -3073,
            "BC-AD": "BC",
            "formattedYear": "3074 BC",
            "modified": "2020-05-15T01:43:11.000Z"
        }
    },
    {
        "id": "recyecATzGZQs2IJq",
        "createdTime": "2018-04-28T22:40:37.000Z",
        "fields": {
            "yearNum": "-3067",
            "isoYear": -3066,
            "BC-AD": "BC",
            "formattedYear": "3067 BC",
            "modified": "2019-07-22T00:52:33.000Z"
        }
    },
    {
        "id": "recfA8bybAUvEaHS3",
        "createdTime": "2018-09-23T19:23:17.000Z",
        "fields": {
            "yearNum": "-3017",
            "peopleDied": [
                "recj26MAojx8FuOsa"
            ],
            "isoYear": -3016,
            "BC-AD": "BC",
            "formattedYear": "3017 BC",
            "modified": "2019-07-22T00:52:33.000Z"
        }
    },
    {
        "id": "recOB2pqfHvIji4Md",
        "createdTime": "2018-04-28T22:41:19.000Z",
        "fields": {
            "yearNum": "-2954",
            "isoYear": -2953,
            "BC-AD": "BC",
            "formattedYear": "2954 BC",
            "modified": "2019-07-22T00:52:33.000Z"
        }
    },
    {
        "id": "recQe5Hp0aNMWGHjm",
        "createdTime": "2018-09-23T19:26:55.000Z",
        "fields": {
            "yearNum": "-2948",
            "peopleBorn": [
                "recVMHzYdllgvTo09"
            ],
            "isoYear": -2947,
            "BC-AD": "BC",
            "formattedYear": "2948 BC",
            "modified": "2019-07-22T00:52:33.000Z"
        }
    },
    {
        "id": "recT4DqJos9t7jQ6L",
        "createdTime": "2018-04-28T22:41:19.000Z",
        "fields": {
            "yearNum": "-2899",
            "isoYear": -2898,
            "BC-AD": "BC",
            "formattedYear": "2899 BC",
            "modified": "2019-07-22T00:52:33.000Z"
        }
    },
    {
        "id": "rec2i38ZUDHfWL5iy",
        "createdTime": "2018-04-28T22:40:37.000Z",
        "fields": {
            "yearNum": "-2885",
            "isoYear": -2884,
            "BC-AD": "BC",
            "formattedYear": "2885 BC",
            "modified": "2019-07-22T00:52:33.000Z"
        }
    },
    {
        "id": "recx4fLsZamI4xyUI",
        "createdTime": "2018-09-23T19:20:41.000Z",
        "fields": {
            "yearNum": "-2864",
            "peopleDied": [
                "reco5AjdpK6pP1m0n"
            ],
            "isoYear": -2863,
            "BC-AD": "BC",
            "formattedYear": "2864 BC",
            "modified": "2019-07-22T00:52:33.000Z"
        }
    },
    {
        "id": "rectZhd6EBG6npNFb",
        "createdTime": "2018-04-28T22:41:19.000Z",
        "fields": {
            "yearNum": "-2801",
            "isoYear": -2800,
            "BC-AD": "BC",
            "formattedYear": "2801 BC",
            "modified": "2019-07-22T00:52:33.000Z"
        }
    },
    {
        "id": "recec7lpcfBEGNO8V",
        "createdTime": "2018-09-23T19:21:18.000Z",
        "fields": {
            "yearNum": "-2769",
            "peopleDied": [
                "recyuyvniLPCMOZyl"
            ],
            "isoYear": -2768,
            "BC-AD": "BC",
            "formattedYear": "2769 BC",
            "modified": "2019-07-22T00:52:33.000Z"
        }
    },
    {
        "id": "recoQaoSXSv20Wiug",
        "createdTime": "2018-09-23T19:21:57.000Z",
        "fields": {
            "yearNum": "-2714",
            "peopleDied": [
                "recGo4Uek8ZB1jrJQ"
            ],
            "isoYear": -2713,
            "BC-AD": "BC",
            "formattedYear": "2714 BC",
            "modified": "2019-07-22T00:52:33.000Z"
        }
    },
    {
        "id": "recbdXfaf6wO5nbLT",
        "createdTime": "2018-04-28T22:41:19.000Z",
        "fields": {
            "yearNum": "-2706",
            "isoYear": -2705,
            "BC-AD": "BC",
            "formattedYear": "2706 BC",
            "modified": "2019-07-22T00:52:33.000Z"
        }
    },
    {
        "id": "recs9I1eWbsgEOGq4",
        "createdTime": "2018-09-23T19:20:06.000Z",
        "fields": {
            "yearNum": "-2692",
            "peopleDied": [
                "recdvASnxGfjfmvDM"
            ],
            "isoYear": -2691,
            "BC-AD": "BC",
            "formattedYear": "2692 BC",
            "modified": "2019-07-22T00:52:33.000Z"
        }
    },
    {
        "id": "recmyiojxCZwYDTdc",
        "createdTime": "2018-04-28T22:41:19.000Z",
        "fields": {
            "yearNum": "-2651",
            "isoYear": -2650,
            "BC-AD": "BC",
            "formattedYear": "2651 BC",
            "modified": "2019-07-22T00:52:33.000Z"
        }
    },
    {
        "id": "recIUOdzDJnp2Qy95",
        "createdTime": "2018-04-28T22:41:19.000Z",
        "fields": {
            "yearNum": "-2629",
            "isoYear": -2628,
            "BC-AD": "BC",
            "formattedYear": "2629 BC",
            "modified": "2019-07-22T00:52:33.000Z"
        }
    },
    {
        "id": "rectAhC8h3sB8L0KD",
        "createdTime": "2018-09-23T19:22:36.000Z",
        "fields": {
            "yearNum": "-2582",
            "peopleDied": [
                "rechDI5vmWFtiVmYq"
            ],
            "isoYear": -2581,
            "BC-AD": "BC",
            "formattedYear": "2582 BC",
            "modified": "2019-07-22T00:52:33.000Z"
        }
    },
    {
        "id": "recKw6659rctv5Mjv",
        "createdTime": "2018-09-23T19:27:36.000Z",
        "fields": {
            "yearNum": "-2448",
            "isoYear": -2447,
            "BC-AD": "BC",
            "formattedYear": "2448 BC",
            "modified": "2020-05-15T02:00:40.000Z"
        }
    },
    {
        "id": "rec73l5k3i16maRPK",
        "createdTime": "2018-04-28T22:40:37.000Z",
        "fields": {
            "yearNum": "-2385",
            "isoYear": -2384,
            "BC-AD": "BC",
            "formattedYear": "2385 BC",
            "modified": "2020-05-15T02:06:40.000Z"
        }
    },
    {
        "id": "recTCtG4SdT7dEd6j",
        "createdTime": "2018-09-23T19:24:18.000Z",
        "fields": {
            "yearNum": "-2353",
            "peopleDied": [
                "recmpe4tTxcQ9YpS5"
            ],
            "isoYear": -2352,
            "BC-AD": "BC",
            "formattedYear": "2353 BC",
            "modified": "2019-07-22T00:52:33.000Z"
        }
    },
    {
        "id": "recP2PA3PcOoX0QVH",
        "createdTime": "2018-09-23T19:23:48.000Z",
        "fields": {
            "yearNum": "-2348",
            "peopleDied": [
                "recLggPghs0fnCfHB"
            ],
            "events": "The Great Flood begins, Water covers the earth",
            "isoYear": -2347,
            "BC-AD": "BC",
            "formattedYear": "2348 BC",
            "modified": "2023-12-02T23:09:33.000Z"
        }
    },
    {
        "id": "recKurBxXzRwGFNEV",
        "createdTime": "2018-09-23T19:29:52.000Z",
        "fields": {
            "yearNum": "-2313",
            "isoYear": -2312,
            "BC-AD": "BC",
            "formattedYear": "2313 BC",
            "modified": "2020-05-17T01:15:50.000Z"
        }
    },
    {
        "id": "recR1MTccKGQaO80s",
        "createdTime": "2018-04-28T22:41:19.000Z",
        "fields": {
            "yearNum": "-2290",
            "isoYear": -2289,
            "BC-AD": "BC",
            "formattedYear": "2290 BC",
            "modified": "2019-07-22T00:52:33.000Z"
        }
    },
    {
        "id": "recVYKDge9oySUpg3",
        "createdTime": "2018-04-28T22:41:19.000Z",
        "fields": {
            "yearNum": "-2285",
            "isoYear": -2284,
            "BC-AD": "BC",
            "formattedYear": "2285 BC",
            "modified": "2019-07-22T00:52:33.000Z"
        }
    },
    {
        "id": "recY1Tar4KN4kmJ82",
        "createdTime": "2018-04-28T22:40:37.000Z",
        "fields": {
            "yearNum": "-2283",
            "isoYear": -2282,
            "BC-AD": "BC",
            "formattedYear": "2283 BC",
            "modified": "2019-07-22T00:52:33.000Z"
        }
    },
    {
        "id": "recjxaNFlTug9UzPp",
        "createdTime": "2018-09-23T19:30:46.000Z",
        "fields": {
            "yearNum": "-2283",
            "isoYear": -2282,
            "BC-AD": "BC",
            "formattedYear": "2283 BC",
            "modified": "2020-05-17T01:14:30.000Z"
        }
    },
    {
        "id": "recsGmZQBGDku2Q6P",
        "createdTime": "2018-04-28T22:40:37.000Z",
        "fields": {
            "yearNum": "-2250",
            "isoYear": -2249,
            "BC-AD": "BC",
            "formattedYear": "2250 BC",
            "modified": "2019-07-22T00:52:33.000Z"
        }
    },
    {
        "id": "rectem20FzGfqflQF",
        "createdTime": "2018-09-23T19:31:12.000Z",
        "fields": {
            "yearNum": "-2249",
            "isoYear": -2248,
            "BC-AD": "BC",
            "formattedYear": "2249 BC",
            "modified": "2020-05-17T01:15:22.000Z"
        }
    },
    {
        "id": "recFrldHk6BImitaV",
        "createdTime": "2018-04-28T22:40:37.000Z",
        "fields": {
            "yearNum": "-2220",
            "isoYear": -2219,
            "BC-AD": "BC",
            "formattedYear": "2220 BC",
            "modified": "2019-07-22T00:52:33.000Z"
        }
    },
    {
        "id": "recQ8IEeMbHk5JG4t",
        "createdTime": "2018-09-23T19:31:47.000Z",
        "fields": {
            "yearNum": "-2219",
            "isoYear": -2218,
            "BC-AD": "BC",
            "formattedYear": "2219 BC",
            "modified": "2020-05-17T02:00:11.000Z"
        }
    },
    {
        "id": "recFRxVjJB7znoJSs",
        "createdTime": "2018-09-23T19:32:17.000Z",
        "fields": {
            "yearNum": "-2187",
            "isoYear": -2186,
            "BC-AD": "BC",
            "formattedYear": "2187 BC",
            "modified": "2020-05-17T02:01:00.000Z"
        }
    },
    {
        "id": "recqzRNGlKXjuT6MS",
        "createdTime": "2018-04-28T22:40:37.000Z",
        "fields": {
            "yearNum": "-2185",
            "peopleBorn": [
                "rec5I7GZ9sLwh0hI2"
            ],
            "isoYear": -2184,
            "BC-AD": "BC",
            "formattedYear": "2185 BC",
            "modified": "2020-05-17T02:01:04.000Z"
        }
    },
    {
        "id": "reccTgOzopqNT7xps",
        "createdTime": "2018-09-23T19:32:44.000Z",
        "fields": {
            "yearNum": "-2157",
            "isoYear": -2156,
            "BC-AD": "BC",
            "formattedYear": "2157 BC",
            "modified": "2020-05-17T01:57:59.000Z"
        }
    },
    {
        "id": "recUepnOEvsHYhWae",
        "createdTime": "2018-04-28T22:40:37.000Z",
        "fields": {
            "yearNum": "-2156",
            "isoYear": -2155,
            "BC-AD": "BC",
            "formattedYear": "2156 BC",
            "modified": "2019-07-22T00:52:33.000Z"
        }
    },
    {
        "id": "recpwoyUcJPsy14q8",
        "createdTime": "2018-09-23T19:33:13.000Z",
        "fields": {
            "yearNum": "-2128",
            "isoYear": -2127,
            "BC-AD": "BC",
            "formattedYear": "2128 BC",
            "modified": "2020-05-17T02:01:29.000Z"
        }
    },
    {
        "id": "rectf8UHn27JxvMwO",
        "createdTime": "2018-04-28T22:40:37.000Z",
        "fields": {
            "yearNum": "-2124",
            "isoYear": -2123,
            "BC-AD": "BC",
            "formattedYear": "2124 BC",
            "modified": "2019-07-22T00:52:33.000Z"
        }
    },
    {
        "id": "recA8BTxOrkHfvIIm",
        "createdTime": "2018-04-28T22:40:37.000Z",
        "fields": {
            "yearNum": "-2094",
            "isoYear": -2093,
            "BC-AD": "BC",
            "formattedYear": "2094 BC",
            "modified": "2019-07-22T00:52:33.000Z"
        }
    },
    {
        "id": "reczbpggh2jlctQs0",
        "createdTime": "2018-04-28T22:40:37.000Z",
        "fields": {
            "yearNum": "-2065",
            "isoYear": -2064,
            "BC-AD": "BC",
            "formattedYear": "2065 BC",
            "modified": "2019-07-22T00:52:33.000Z"
        }
    },
    {
        "id": "recIwApnvQJAOnW2J",
        "createdTime": "2018-09-23T19:31:27.000Z",
        "fields": {
            "yearNum": "-2010",
            "isoYear": -2009,
            "BC-AD": "BC",
            "formattedYear": "2010 BC",
            "modified": "2020-05-17T01:15:28.000Z"
        }
    },
    {
        "id": "recM0t4LbUXz9KsMf",
        "createdTime": "2018-09-23T19:32:59.000Z",
        "fields": {
            "yearNum": "-2009",
            "isoYear": -2008,
            "BC-AD": "BC",
            "formattedYear": "2009 BC",
            "modified": "2020-05-17T01:58:06.000Z"
        }
    },
    {
        "id": "recB8CiurPLWiRjTR",
        "createdTime": "2018-09-23T19:27:08.000Z",
        "fields": {
            "yearNum": "-1998",
            "peopleDied": [
                "recVMHzYdllgvTo09"
            ],
            "isoYear": -1997,
            "BC-AD": "BC",
            "formattedYear": "1998 BC",
            "modified": "2019-07-22T00:52:33.000Z"
        }
    },
    {
        "id": "recDUhjJul1qROqgL",
        "createdTime": "2018-10-21T21:41:35.000Z",
        "fields": {
            "yearNum": "-1997",
            "peopleBorn": [
                "reccdFYIq50NyxNej"
            ],
            "isoYear": -1996,
            "BC-AD": "BC",
            "formattedYear": "1997 BC",
            "modified": "2019-07-22T00:52:33.000Z"
        }
    },
    {
        "id": "rec9SCE6aeoSQU9rf",
        "createdTime": "2018-04-28T22:40:37.000Z",
        "fields": {
            "yearNum": "-1995",
            "isoYear": -1994,
            "BC-AD": "BC",
            "formattedYear": "1995 BC",
            "modified": "2020-05-17T02:09:18.000Z"
        }
    },
    {
        "id": "recgLOcfMQojIDq4C",
        "createdTime": "2018-04-28T22:40:37.000Z",
        "fields": {
            "yearNum": "-1995",
            "isoYear": -1994,
            "BC-AD": "BC",
            "formattedYear": "1995 BC",
            "modified": "2020-05-17T02:09:21.000Z"
        }
    },
    {
        "id": "recpPIXRnx9I8lb4N",
        "createdTime": "2018-04-28T22:40:37.000Z",
        "fields": {
            "yearNum": "-1995",
            "isoYear": -1994,
            "BC-AD": "BC",
            "formattedYear": "1995 BC",
            "modified": "2019-07-22T00:52:33.000Z"
        }
    },
    {
        "id": "rec0g9C0t8sDuTrmn",
        "createdTime": "2018-09-03T01:44:39.000Z",
        "fields": {
            "yearNum": "-1995",
            "isoYear": -1994,
            "BC-AD": "BC",
            "formattedYear": "1995 BC",
            "modified": "2019-07-22T00:52:33.000Z"
        }
    },
    {
        "id": "rec8ROI5H1EA9rhK9",
        "createdTime": "2018-04-28T22:40:37.000Z",
        "fields": {
            "yearNum": "-1985",
            "isoYear": -1984,
            "BC-AD": "BC",
            "formattedYear": "1985 BC",
            "modified": "2020-05-17T02:09:23.000Z"
        }
    },
    {
        "id": "recS81ECTJs4lWAVe",
        "createdTime": "2018-09-23T19:32:01.000Z",
        "fields": {
            "yearNum": "-1980",
            "isoYear": -1979,
            "BC-AD": "BC",
            "formattedYear": "1980 BC",
            "modified": "2020-05-17T02:00:26.000Z"
        }
    },
    {
        "id": "recCGDjcwi9MOhT8m",
        "createdTime": "2018-09-23T19:32:29.000Z",
        "fields": {
            "yearNum": "-1957",
            "isoYear": -1956,
            "BC-AD": "BC",
            "formattedYear": "1957 BC",
            "modified": "2020-05-17T02:01:13.000Z"
        }
    },
    {
        "id": "recxCP5vAAKqFQinF",
        "createdTime": "2018-04-28T22:41:19.000Z",
        "fields": {
            "yearNum": "-1946",
            "isoYear": -1945,
            "BC-AD": "BC",
            "formattedYear": "1946 BC",
            "modified": "2019-07-22T00:52:33.000Z"
        }
    },
    {
        "id": "recoCoQBR8UZxMvJM",
        "createdTime": "2018-04-28T22:41:19.000Z",
        "fields": {
            "yearNum": "-1940",
            "isoYear": -1939,
            "BC-AD": "BC",
            "formattedYear": "1940 BC",
            "modified": "2019-07-22T00:52:33.000Z"
        }
    },
    {
        "id": "recKhv3IzWxaHzxaX",
        "createdTime": "2018-04-28T22:41:19.000Z",
        "fields": {
            "yearNum": "-1935",
            "isoYear": -1934,
            "BC-AD": "BC",
            "formattedYear": "1935 BC",
            "modified": "2019-07-22T00:52:33.000Z"
        }
    },
    {
        "id": "recDGhZcvhGOtdrmC",
        "createdTime": "2018-04-28T22:41:19.000Z",
        "fields": {
            "yearNum": "-1930",
            "isoYear": -1929,
            "BC-AD": "BC",
            "formattedYear": "1930 BC",
            "modified": "2020-05-17T02:09:19.000Z"
        }
    },
    {
        "id": "recAiSQ31b6ZZ7BU0",
        "createdTime": "2018-09-23T19:33:25.000Z",
        "fields": {
            "yearNum": "-1923",
            "isoYear": -1922,
            "BC-AD": "BC",
            "formattedYear": "1923 BC",
            "modified": "2020-05-17T02:01:47.000Z"
        }
    },
    {
        "id": "recSnwd5qdT3Yxz2t",
        "createdTime": "2018-04-28T22:41:19.000Z",
        "fields": {
            "yearNum": "-1917",
            "isoYear": -1916,
            "BC-AD": "BC",
            "formattedYear": "1917 BC",
            "modified": "2019-07-22T00:52:33.000Z"
        }
    },
    {
        "id": "reccBM7IxyKqvkRjG",
        "createdTime": "2018-09-23T19:28:50.000Z",
        "fields": {
            "yearNum": "-1910",
            "peopleBorn": [
                "recL1zd3NT68owBAG"
            ],
            "isoYear": -1909,
            "BC-AD": "BC",
            "formattedYear": "1910 BC",
            "modified": "2020-09-02T16:45:21.000Z"
        }
    },
    {
        "id": "recVhSXfgGXj2odvj",
        "createdTime": "2018-04-28T22:40:37.000Z",
        "fields": {
            "yearNum": "-1909",
            "peopleBorn": [
                "recvV3hxT3VINGuwx"
            ],
            "isoYear": -1908,
            "BC-AD": "BC",
            "formattedYear": "1909 BC",
            "modified": "2019-07-22T00:52:33.000Z"
        }
    },
    {
        "id": "recBOdcrHOjm8pIHl",
        "createdTime": "2018-10-21T23:48:49.000Z",
        "fields": {
            "yearNum": "-1896",
            "peopleBorn": [
                "recqIoG1fkaNWJ1y0"
            ],
            "isoYear": -1895,
            "BC-AD": "BC",
            "formattedYear": "1896 BC",
            "modified": "2019-07-22T00:52:33.000Z"
        }
    },
    {
        "id": "recIabsZ0fQ4mguPJ",
        "createdTime": "2018-04-28T22:40:37.000Z",
        "fields": {
            "yearNum": "-1895",
            "isoYear": -1894,
            "BC-AD": "BC",
            "formattedYear": "1895 BC",
            "modified": "2019-07-22T00:52:33.000Z"
        }
    },
    {
        "id": "recvvIIY1kppClze0",
        "createdTime": "2018-09-23T19:30:04.000Z",
        "fields": {
            "yearNum": "-1880",
            "isoYear": -1879,
            "BC-AD": "BC",
            "formattedYear": "1880 BC",
            "modified": "2020-05-17T01:15:56.000Z"
        }
    },
    {
        "id": "recMKWIpkB5u97kv5",
        "createdTime": "2018-04-28T22:40:37.000Z",
        "fields": {
            "yearNum": "-1875",
            "peopleBorn": [
                "recZb9e7YIG9qh2qX"
            ],
            "isoYear": -1874,
            "BC-AD": "BC",
            "formattedYear": "1875 BC",
            "modified": "2019-07-22T00:52:33.000Z"
        }
    },
    {
        "id": "recYuE1ZZZLcqzT5m",
        "createdTime": "2018-04-28T22:41:19.000Z",
        "fields": {
            "yearNum": "-1860",
            "isoYear": -1859,
            "BC-AD": "BC",
            "formattedYear": "1860 BC",
            "modified": "2019-07-22T00:52:33.000Z"
        }
    },
    {
        "id": "recF7F1FQdVTVxOwy",
        "createdTime": "2018-04-28T22:41:19.000Z",
        "fields": {
            "yearNum": "-1858",
            "isoYear": -1857,
            "BC-AD": "BC",
            "formattedYear": "1858 BC",
            "modified": "2020-05-17T02:09:24.000Z"
        }
    },
    {
        "id": "recc1TotBLF9fLdFd",
        "createdTime": "2018-09-23T19:27:50.000Z",
        "fields": {
            "yearNum": "-1848",
            "isoYear": -1847,
            "BC-AD": "BC",
            "formattedYear": "1848 BC",
            "modified": "2020-05-15T02:01:00.000Z"
        }
    },
    {
        "id": "recmdr6e5wUh5OYlr",
        "createdTime": "2018-04-28T22:41:19.000Z",
        "fields": {
            "yearNum": "-1847",
            "isoYear": -1846,
            "BC-AD": "BC",
            "formattedYear": "1847 BC",
            "modified": "2019-07-22T00:52:33.000Z"
        }
    },
    {
        "id": "recz75OtTAGsJtzXb",
        "createdTime": "2018-10-21T23:49:21.000Z",
        "fields": {
            "yearNum": "-1836",
            "peopleBorn": [
                "recsU2ZSdzBvDqzgI"
            ],
            "isoYear": -1835,
            "BC-AD": "BC",
            "formattedYear": "1836 BC",
            "modified": "2019-07-22T00:52:33.000Z"
        }
    },
    {
        "id": "recEBsRChjZXX65wQ",
        "createdTime": "2018-04-28T22:40:37.000Z",
        "fields": {
            "yearNum": "-1835",
            "peopleBorn": [
                "recUQWSZuOecG4z1Q"
            ],
            "isoYear": -1834,
            "BC-AD": "BC",
            "formattedYear": "1835 BC",
            "modified": "2019-07-22T00:52:33.000Z"
        }
    },
    {
        "id": "recvPTxyBPTbkcvaM",
        "createdTime": "2018-09-23T19:35:05.000Z",
        "fields": {
            "yearNum": "-1823",
            "isoYear": -1822,
            "BC-AD": "BC",
            "formattedYear": "1823 BC",
            "modified": "2019-07-22T00:52:33.000Z"
        }
    },
    {
        "id": "recSnyEPkdu3Edc94",
        "createdTime": "2018-10-21T21:41:54.000Z",
        "fields": {
            "yearNum": "-1821",
            "peopleDied": [
                "reccdFYIq50NyxNej"
            ],
            "isoYear": -1820,
            "BC-AD": "BC",
            "formattedYear": "1821 BC",
            "modified": "2019-07-22T00:52:33.000Z"
        }
    },
    {
        "id": "recI13seOKLOjMZ6e",
        "createdTime": "2018-04-28T22:41:19.000Z",
        "fields": {
            "yearNum": "-1820",
            "isoYear": -1819,
            "BC-AD": "BC",
            "formattedYear": "1820 BC",
            "modified": "2019-07-22T00:52:33.000Z"
        }
    },
    {
        "id": "recMZByX6NydqDVhg",
        "createdTime": "2018-09-23T19:30:58.000Z",
        "fields": {
            "yearNum": "-1819",
            "isoYear": -1818,
            "BC-AD": "BC",
            "formattedYear": "1819 BC",
            "modified": "2020-05-17T01:14:37.000Z"
        }
    },
    {
        "id": "recLk0PrUrLcEvo9F",
        "createdTime": "2018-04-28T22:41:19.000Z",
        "fields": {
            "yearNum": "-1817",
            "peopleDied": [
                "recRO35quNb37mHVy"
            ],
            "isoYear": -1816,
            "BC-AD": "BC",
            "formattedYear": "1817 BC",
            "modified": "2020-05-17T01:14:41.000Z"
        }
    },
    {
        "id": "rec4zkls5F8ozrPOa",
        "createdTime": "2018-04-28T22:41:19.000Z",
        "fields": {
            "yearNum": "-1785",
            "isoYear": -1784,
            "BC-AD": "BC",
            "formattedYear": "1785 BC",
            "modified": "2019-07-22T00:52:33.000Z"
        }
    },
    {
        "id": "recAn7sr6naMpu11R",
        "createdTime": "2018-04-28T22:40:37.000Z",
        "fields": {
            "yearNum": "-1777",
            "isoYear": -1776,
            "BC-AD": "BC",
            "formattedYear": "1777 BC",
            "modified": "2020-09-02T01:56:03.000Z"
        }
    },
    {
        "id": "recdQr1urV0P20FqQ",
        "createdTime": "2018-04-28T22:40:37.000Z",
        "fields": {
            "yearNum": "-1776",
            "isoYear": -1775,
            "BC-AD": "BC",
            "formattedYear": "1776 BC",
            "modified": "2020-09-02T01:56:35.000Z"
        }
    },
    {
        "id": "reczAj3JXzoOg0BSG",
        "createdTime": "2018-04-28T22:40:37.000Z",
        "fields": {
            "yearNum": "-1775",
            "isoYear": -1774,
            "BC-AD": "BC",
            "formattedYear": "1775 BC",
            "modified": "2020-09-02T01:56:56.000Z"
        }
    },
    {
        "id": "rec9ZFZ9ZmC58tpyy",
        "createdTime": "2018-04-28T22:40:37.000Z",
        "fields": {
            "yearNum": "-1774",
            "isoYear": -1773,
            "BC-AD": "BC",
            "formattedYear": "1774 BC",
            "modified": "2020-09-02T01:55:21.000Z"
        }
    },
    {
        "id": "recJU6JW86d6VWqxc",
        "createdTime": "2018-04-28T22:40:37.000Z",
        "fields": {
            "yearNum": "-1773",
            "peopleDied": [
                "recvV3hxT3VINGuwx"
            ],
            "isoYear": -1772,
            "BC-AD": "BC",
            "formattedYear": "1773 BC",
            "modified": "2020-09-02T16:46:28.000Z"
        }
    },
    {
        "id": "recyLKvenbgLxjfld",
        "createdTime": "2018-04-28T22:40:37.000Z",
        "fields": {
            "yearNum": "-1772",
            "isoYear": -1771,
            "BC-AD": "BC",
            "formattedYear": "1772 BC",
            "modified": "2020-09-02T01:58:38.000Z"
        }
    },
    {
        "id": "recKw4lJ5xhy7dpjG",
        "createdTime": "2018-04-28T22:40:37.000Z",
        "fields": {
            "yearNum": "-1771",
            "isoYear": -1770,
            "BC-AD": "BC",
            "formattedYear": "1771 BC",
            "modified": "2020-09-02T01:58:55.000Z"
        }
    },
    {
        "id": "recVC0WvBkQmSrFZU",
        "createdTime": "2018-04-28T22:40:37.000Z",
        "fields": {
            "yearNum": "-1767",
            "isoYear": -1766,
            "BC-AD": "BC",
            "formattedYear": "1767 BC",
            "modified": "2020-09-02T01:57:50.000Z"
        }
    },
    {
        "id": "recALqkoED8FOe78W",
        "createdTime": "2018-04-28T22:40:37.000Z",
        "fields": {
            "yearNum": "-1765",
            "isoYear": -1764,
            "BC-AD": "BC",
            "formattedYear": "1765 BC",
            "modified": "2020-09-02T01:58:06.000Z"
        }
    },
    {
        "id": "recHBQ1QXgP61LtFS",
        "createdTime": "2018-04-28T22:41:19.000Z",
        "fields": {
            "yearNum": "-1756",
            "peopleBorn": [
                "recto9z3tEOnLjVOi",
                "recdIZxgxO61iLEXm"
            ],
            "isoYear": -1755,
            "BC-AD": "BC",
            "formattedYear": "1756 BC",
            "modified": "2020-09-02T01:57:00.000Z"
        }
    },
    {
        "id": "recwuinZnl42NLcM4",
        "createdTime": "2018-10-21T23:50:00.000Z",
        "fields": {
            "yearNum": "-1745",
            "peopleBorn": [
                "rechuDYJoK32gmrME"
            ],
            "isoYear": -1744,
            "BC-AD": "BC",
            "formattedYear": "1745 BC",
            "modified": "2019-07-22T00:52:33.000Z"
        }
    },
    {
        "id": "recHOLbIceJWfVyqZ",
        "createdTime": "2018-04-28T22:40:37.000Z",
        "fields": {
            "yearNum": "-1744",
            "isoYear": -1743,
            "BC-AD": "BC",
            "formattedYear": "1744 BC",
            "modified": "2019-07-22T00:52:33.000Z"
        }
    },
    {
        "id": "recdIrEKOJAkTAdYd",
        "createdTime": "2018-10-21T21:48:24.000Z",
        "fields": {
            "yearNum": "-1739",
            "peopleBorn": [
                "recBOUtTncbBlfEn9"
            ],
            "peopleDied": [
                "recT2Tm2K5XORGnbx"
            ],
            "isoYear": -1738,
            "BC-AD": "BC",
            "formattedYear": "1739 BC",
            "modified": "2020-09-07T01:34:05.000Z"
        }
    },
    {
        "id": "recFFiPTU7FFRBKaW",
        "createdTime": "2018-04-28T22:40:37.000Z",
        "fields": {
            "yearNum": "-1734",
            "isoYear": -1733,
            "BC-AD": "BC",
            "formattedYear": "1734 BC",
            "modified": "2019-07-22T00:52:33.000Z"
        }
    },
    {
        "id": "recc4GaCeBYaZcKP5",
        "createdTime": "2018-10-21T23:49:00.000Z",
        "fields": {
            "yearNum": "-1716",
            "peopleDied": [
                "recqIoG1fkaNWJ1y0"
            ],
            "isoYear": -1715,
            "BC-AD": "BC",
            "formattedYear": "1716 BC",
            "modified": "2019-07-22T00:52:33.000Z"
        }
    },
    {
        "id": "rectxEe74Ytbs4g7f",
        "createdTime": "2018-04-28T22:41:19.000Z",
        "fields": {
            "yearNum": "-1715",
            "isoYear": -1714,
            "BC-AD": "BC",
            "formattedYear": "1715 BC",
            "modified": "2019-07-22T00:52:33.000Z"
        }
    },
    {
        "id": "rec6G3w48DhRDVde3",
        "createdTime": "2018-04-28T22:40:37.000Z",
        "fields": {
            "yearNum": "-1709",
            "peopleBorn": [
                "rec1YbscOE9IyJ5ey"
            ],
            "isoYear": -1708,
            "BC-AD": "BC",
            "formattedYear": "1709 BC",
            "modified": "2019-07-22T00:52:33.000Z"
        }
    },
    {
        "id": "recEcypPR2RB4Mn73",
        "createdTime": "2018-04-28T22:40:37.000Z",
        "fields": {
            "yearNum": "-1708",
            "peopleBorn": [
                "recEtv9ql7Hh4XAW4"
            ],
            "isoYear": -1707,
            "BC-AD": "BC",
            "formattedYear": "1708 BC",
            "modified": "2019-07-22T00:52:33.000Z"
        }
    },
    {
        "id": "recI6wOLkJOEWZhcL",
        "createdTime": "2018-10-21T23:49:40.000Z",
        "fields": {
            "yearNum": "-1689",
            "peopleDied": [
                "recsU2ZSdzBvDqzgI"
            ],
            "isoYear": -1688,
            "BC-AD": "BC",
            "formattedYear": "1689 BC",
            "modified": "2019-07-22T00:52:33.000Z"
        }
    },
    {
        "id": "recj9u1bxJbBEDiNV",
        "createdTime": "2018-04-28T22:41:19.000Z",
        "fields": {
            "yearNum": "-1688",
            "isoYear": -1687,
            "BC-AD": "BC",
            "formattedYear": "1688 BC",
            "modified": "2019-07-22T00:52:33.000Z"
        }
    },
    {
        "id": "reczIlmyAUfTRS1XO",
        "createdTime": "2018-10-21T23:50:09.000Z",
        "fields": {
            "yearNum": "-1635",
            "peopleDied": [
                "rechuDYJoK32gmrME"
            ],
            "isoYear": -1634,
            "BC-AD": "BC",
            "formattedYear": "1635 BC",
            "modified": "2019-07-22T00:52:33.000Z"
        }
    },
    {
        "id": "recNJZJfBeqCIiblZ",
        "createdTime": "2018-04-28T22:41:19.000Z",
        "fields": {
            "yearNum": "-1634",
            "isoYear": -1633,
            "BC-AD": "BC",
            "formattedYear": "1634 BC",
            "modified": "2019-07-22T00:52:33.000Z"
        }
    },
    {
        "id": "reca6jHT9ZhfEhTaF",
        "createdTime": "2018-10-21T21:56:40.000Z",
        "fields": {
            "yearNum": "-1591",
            "isoYear": -1590,
            "BC-AD": "BC",
            "formattedYear": "1591 BC",
            "modified": "2019-07-22T00:52:33.000Z"
        }
    },
    {
        "id": "recR2mYAJh2BnwSdC",
        "createdTime": "2018-10-21T23:45:30.000Z",
        "fields": {
            "yearNum": "-1574",
            "peopleBorn": [
                "recv0dAY2ULzJ687g"
            ],
            "isoYear": -1573,
            "BC-AD": "BC",
            "formattedYear": "1574 BC",
            "modified": "2019-07-22T00:52:33.000Z"
        }
    },
    {
        "id": "recTykRyztRZctxPm",
        "createdTime": "2018-10-21T21:56:13.000Z",
        "fields": {
            "yearNum": "-1571",
            "peopleBorn": [
                "recjNRR60PAuFtjha",
                "recPXtuWYdjyghv7R"
            ],
            "isoYear": -1570,
            "BC-AD": "BC",
            "formattedYear": "1571 BC",
            "modified": "2020-09-02T16:45:33.000Z"
        }
    },
    {
        "id": "recfiDmAiJSChbWWD",
        "createdTime": "2018-10-22T00:04:08.000Z",
        "fields": {
            "yearNum": "-1521",
            "peopleBorn": [
                "recLuZtSmAO6erIsc"
            ],
            "isoYear": -1520,
            "BC-AD": "BC",
            "formattedYear": "1521 BC",
            "modified": "2019-07-22T00:52:33.000Z"
        }
    },
    {
        "id": "recCf94cuWqDNmP9K",
        "createdTime": "2018-10-21T21:56:49.000Z",
        "fields": {
            "yearNum": "-1451",
            "peopleDied": [
                "recv0dAY2ULzJ687g"
            ],
            "isoYear": -1450,
            "BC-AD": "BC",
            "formattedYear": "1451 BC",
            "modified": "2020-09-02T02:03:03.000Z"
        }
    },
    {
        "id": "recvTVMfSaak0HoIY",
        "createdTime": "2018-10-22T00:03:12.000Z",
        "fields": {
            "yearNum": "-1424",
            "peopleDied": [
                "recLuZtSmAO6erIsc"
            ],
            "isoYear": -1423,
            "BC-AD": "BC",
            "formattedYear": "1424 BC",
            "modified": "2019-07-22T00:52:33.000Z"
        }
    },
    {
        "id": "recHRBkXags0GNkB7",
        "createdTime": "2018-04-28T22:40:37.000Z",
        "fields": {
            "yearNum": "-1368",
            "peopleBorn": [
                "recvZksoA0NmFrYZ7"
            ],
            "isoYear": -1367,
            "BC-AD": "BC",
            "formattedYear": "1368 BC",
            "modified": "2019-07-22T00:52:33.000Z"
        }
    },
    {
        "id": "reccXHQmzD3AqS2QW",
        "createdTime": "2018-04-28T22:40:37.000Z",
        "fields": {
            "yearNum": "-1358",
            "isoYear": -1357,
            "BC-AD": "BC",
            "formattedYear": "1358 BC",
            "modified": "2019-07-22T00:52:33.000Z"
        }
    },
    {
        "id": "recxSVqk88mqVd93Z",
        "createdTime": "2018-09-03T01:44:25.000Z",
        "fields": {
            "yearNum": "-1358",
            "isoYear": -1357,
            "BC-AD": "BC",
            "formattedYear": "1358 BC",
            "modified": "2019-07-22T00:52:33.000Z"
        }
    },
    {
        "id": "recvDtyxAFey8q4uE",
        "createdTime": "2018-04-28T22:40:37.000Z",
        "fields": {
            "yearNum": "-1355",
            "isoYear": -1354,
            "BC-AD": "BC",
            "formattedYear": "1355 BC",
            "modified": "2019-07-22T00:52:33.000Z"
        }
    },
    {
        "id": "recllUTgojs7mG7ch",
        "createdTime": "2018-10-21T21:51:42.000Z",
        "fields": {
            "yearNum": "-1355",
            "isoYear": -1354,
            "BC-AD": "BC",
            "formattedYear": "1355 BC",
            "modified": "2019-07-22T00:52:33.000Z"
        }
    },
    {
        "id": "rech0cVgkbTOra6Id",
        "createdTime": "2018-04-28T22:40:37.000Z",
        "fields": {
            "yearNum": "-1321",
            "isoYear": -1320,
            "BC-AD": "BC",
            "formattedYear": "1321 BC",
            "modified": "2019-07-22T00:52:33.000Z"
        }
    },
    {
        "id": "rec8p4QHZGx8QBdB0",
        "createdTime": "2018-04-28T22:40:37.000Z",
        "fields": {
            "yearNum": "-1302",
            "peopleBorn": [
                "recUmtvv9Um4TlN2d"
            ],
            "isoYear": -1301,
            "BC-AD": "BC",
            "formattedYear": "1302 BC",
            "modified": "2019-07-22T00:52:33.000Z"
        }
    },
    {
        "id": "rec5VDIRpcGVponVs",
        "createdTime": "2018-04-28T22:41:19.000Z",
        "fields": {
            "yearNum": "-1240",
            "peopleDied": [
                "recvZksoA0NmFrYZ7"
            ],
            "isoYear": -1239,
            "BC-AD": "BC",
            "formattedYear": "1240 BC",
            "modified": "2019-07-22T00:52:33.000Z"
        }
    },
    {
        "id": "recafWhsg7ZPoFffH",
        "createdTime": "2018-04-28T22:41:19.000Z",
        "fields": {
            "yearNum": "-1235",
            "isoYear": -1234,
            "BC-AD": "BC",
            "formattedYear": "1235 BC",
            "modified": "2019-07-22T00:52:33.000Z"
        }
    },
    {
        "id": "rec75st5mI6gqA5sW",
        "createdTime": "2018-10-21T21:51:49.000Z",
        "fields": {
            "yearNum": "-1235",
            "isoYear": -1234,
            "BC-AD": "BC",
            "formattedYear": "1235 BC",
            "modified": "2019-07-22T00:52:33.000Z"
        }
    },
    {
        "id": "recP162HaqhqNEOqf",
        "createdTime": "2018-04-28T22:41:19.000Z",
        "fields": {
            "yearNum": "-1211",
            "isoYear": -1210,
            "BC-AD": "BC",
            "formattedYear": "1211 BC",
            "modified": "2019-07-22T00:52:33.000Z"
        }
    },
    {
        "id": "rec1aOVahAVfBizcw",
        "createdTime": "2018-10-21T21:54:40.000Z",
        "fields": {
            "yearNum": "-1152",
            "peopleBorn": [
                "recZsS2Zu0zIDwqdv"
            ],
            "isoYear": -1151,
            "BC-AD": "BC",
            "formattedYear": "1152 BC",
            "modified": "2019-07-22T00:52:33.000Z"
        }
    },
    {
        "id": "recEmxVD8yLE9xFvj",
        "createdTime": "2018-04-28T22:40:37.000Z",
        "fields": {
            "yearNum": "-1115",
            "peopleBorn": [
                "recUgHX8TjNBQ3aXd"
            ],
            "isoYear": -1114,
            "BC-AD": "BC",
            "formattedYear": "1115 BC",
            "modified": "2019-07-22T00:52:33.000Z"
        }
    },
    {
        "id": "recst0AG2KAHT7AY4",
        "createdTime": "2018-04-28T22:40:37.000Z",
        "fields": {
            "yearNum": "-1090",
            "peopleBorn": [
                "recwcML6FMulTblKH"
            ],
            "isoYear": -1089,
            "BC-AD": "BC",
            "formattedYear": "1090 BC",
            "modified": "2019-07-22T00:52:33.000Z"
        }
    },
    {
        "id": "recrMiAwTmOdTcwIF",
        "createdTime": "2018-04-28T22:40:37.000Z",
        "fields": {
            "yearNum": "-1086",
            "isoYear": -1085,
            "BC-AD": "BC",
            "formattedYear": "1086 BC",
            "modified": "2019-07-22T00:52:33.000Z"
        }
    },
    {
        "id": "reck3ULgS2F56KzsH",
        "createdTime": "2018-10-21T21:53:10.000Z",
        "fields": {
            "yearNum": "-1085",
            "peopleBorn": [
                "rec1ZMFtfbEvoGC73"
            ],
            "isoYear": -1084,
            "BC-AD": "BC",
            "formattedYear": "1085 BC",
            "modified": "2019-07-22T00:52:33.000Z"
        }
    },
    {
        "id": "recZ7yCRJNwVu95o1",
        "createdTime": "2018-10-21T21:54:23.000Z",
        "fields": {
            "yearNum": "-1060",
            "peopleDied": [
                "recZsS2Zu0zIDwqdv"
            ],
            "isoYear": -1059,
            "BC-AD": "BC",
            "formattedYear": "1060 BC",
            "modified": "2019-07-22T00:52:33.000Z"
        }
    },
    {
        "id": "reckyEKUXdwfSrHW2",
        "createdTime": "2018-04-28T22:40:37.000Z",
        "fields": {
            "yearNum": "-1054",
            "peopleBorn": [
                "recjMT68aIzFLh6cQ"
            ],
            "isoYear": -1053,
            "BC-AD": "BC",
            "formattedYear": "1054 BC",
            "modified": "2019-07-22T00:52:33.000Z"
        }
    },
    {
        "id": "recehpO9a9It5flnJ",
        "createdTime": "2018-10-21T21:53:34.000Z",
        "fields": {
            "yearNum": "-1035",
            "peopleBorn": [
                "rec0BAacWSGBXZ0zI"
            ],
            "isoYear": -1034,
            "BC-AD": "BC",
            "formattedYear": "1035 BC",
            "modified": "2019-07-22T00:52:33.000Z"
        }
    },
    {
        "id": "reckXOYCyUsZ8RxM1",
        "createdTime": "2018-04-28T22:40:37.000Z",
        "fields": {
            "yearNum": "-1034",
            "isoYear": -1033,
            "BC-AD": "BC",
            "formattedYear": "1034 BC",
            "modified": "2019-07-22T00:52:33.000Z"
        }
    },
    {
        "id": "recIcf8kwqBfApEbY",
        "createdTime": "2018-10-21T21:53:18.000Z",
        "fields": {
            "yearNum": "-1015",
            "peopleDied": [
                "rec1ZMFtfbEvoGC73"
            ],
            "isoYear": -1014,
            "BC-AD": "BC",
            "formattedYear": "1015 BC",
            "modified": "2019-07-22T00:52:33.000Z"
        }
    },
    {
        "id": "recPFQ1lbdyiY2uZm",
        "createdTime": "2018-04-28T22:41:19.000Z",
        "fields": {
            "yearNum": "-1006",
            "isoYear": -1005,
            "BC-AD": "BC",
            "formattedYear": "1006 BC",
            "modified": "2019-07-22T00:52:33.000Z"
        }
    },
    {
        "id": "recjahNfLqRZkPZC8",
        "createdTime": "2018-04-28T22:41:19.000Z",
        "fields": {
            "yearNum": "-1004",
            "peopleDied": [
                "recjMT68aIzFLh6cQ"
            ],
            "isoYear": -1003,
            "BC-AD": "BC",
            "formattedYear": "1004 BC",
            "modified": "2019-07-22T00:52:33.000Z"
        }
    },
    {
        "id": "recXdlyzIlcVTseFN",
        "createdTime": "2018-04-28T22:41:19.000Z",
        "fields": {
            "yearNum": "-1001",
            "peopleDied": [
                "recWgOKa1tH3WAtfR"
            ],
            "isoYear": -1000,
            "BC-AD": "BC",
            "formattedYear": "1001 BC",
            "modified": "2019-07-22T00:52:33.000Z"
        }
    },
    {
        "id": "recwHZGVr64Pz30C5",
        "createdTime": "2018-04-28T22:40:37.000Z",
        "fields": {
            "yearNum": "-989",
            "isoYear": -988,
            "BC-AD": "BC",
            "formattedYear": "989 BC",
            "modified": "2019-07-22T00:52:33.000Z"
        }
    },
    {
        "id": "recTRIFHNZIvaLInF",
        "createdTime": "2018-04-28T22:41:19.000Z",
        "fields": {
            "yearNum": "-976",
            "peopleDied": [
                "recEdhjnlbofKC5rc"
            ],
            "isoYear": -975,
            "BC-AD": "BC",
            "formattedYear": "976 BC",
            "modified": "2019-07-22T00:52:33.000Z"
        }
    },
    {
        "id": "reclLuQSPbFzbe742",
        "createdTime": "2018-04-28T22:41:19.000Z",
        "fields": {
            "yearNum": "-975",
            "peopleDied": [
                "recAvic4lwr61PtLX"
            ],
            "isoYear": -974,
            "BC-AD": "BC",
            "formattedYear": "975 BC",
            "modified": "2019-07-22T00:52:33.000Z"
        }
    },
    {
        "id": "recyrWsUsS41nmaHE",
        "createdTime": "2018-10-21T21:53:46.000Z",
        "fields": {
            "yearNum": "-975",
            "peopleDied": [
                "rec0BAacWSGBXZ0zI"
            ],
            "isoYear": -974,
            "BC-AD": "BC",
            "formattedYear": "975 BC",
            "modified": "2019-07-22T00:52:33.000Z"
        }
    },
    {
        "id": "recT3cHGxjq1HBU91",
        "createdTime": "2018-04-28T22:40:37.000Z",
        "fields": {
            "yearNum": "-966",
            "peopleBorn": [
                "recqQthL4TAHb0KeC"
            ],
            "isoYear": -965,
            "BC-AD": "BC",
            "formattedYear": "966 BC",
            "modified": "2019-07-22T00:52:33.000Z"
        }
    },
    {
        "id": "rec80AI5pqEP0orL2",
        "createdTime": "2018-04-28T22:41:19.000Z",
        "fields": {
            "yearNum": "-965",
            "peopleDied": [
                "recMIpVUk92YKxyNs"
            ],
            "isoYear": -964,
            "BC-AD": "BC",
            "formattedYear": "965 BC",
            "modified": "2019-07-22T00:52:33.000Z"
        }
    },
    {
        "id": "reclhrjSwuyv1LJXa",
        "createdTime": "2018-04-28T22:41:19.000Z",
        "fields": {
            "yearNum": "-965",
            "isoYear": -964,
            "BC-AD": "BC",
            "formattedYear": "965 BC",
            "modified": "2019-07-22T00:52:33.000Z"
        }
    },
    {
        "id": "recHgevikx0fHv8qk",
        "createdTime": "2018-04-28T22:41:19.000Z",
        "fields": {
            "yearNum": "-926",
            "isoYear": -925,
            "BC-AD": "BC",
            "formattedYear": "926 BC",
            "modified": "2019-07-22T00:52:33.000Z"
        }
    },
    {
        "id": "rec6s9MxYakDXhXdZ",
        "createdTime": "2018-04-28T22:41:19.000Z",
        "fields": {
            "yearNum": "-910",
            "peopleDied": [
                "recqQthL4TAHb0KeC"
            ],
            "isoYear": -909,
            "BC-AD": "BC",
            "formattedYear": "910 BC",
            "modified": "2019-07-22T00:52:33.000Z"
        }
    },
    {
        "id": "recPLmbzfmeq1KAiE",
        "createdTime": "2018-04-28T22:41:19.000Z",
        "fields": {
            "yearNum": "-907",
            "peopleDied": [
                "recEg9i0J2MgmkZr8"
            ],
            "isoYear": -906,
            "BC-AD": "BC",
            "formattedYear": "907 BC",
            "modified": "2019-07-22T00:52:33.000Z"
        }
    },
    {
        "id": "rechDcwicoX7eNn41",
        "createdTime": "2018-04-28T22:41:19.000Z",
        "fields": {
            "yearNum": "-868",
            "peopleDied": [
                "recaraSBvlHIwaaOB"
            ],
            "isoYear": -867,
            "BC-AD": "BC",
            "formattedYear": "868 BC",
            "modified": "2019-07-22T00:52:33.000Z"
        }
    },
    {
        "id": "recN7NLDNqBuLeBDs",
        "createdTime": "2018-04-28T22:41:19.000Z",
        "fields": {
            "yearNum": "-847",
            "peopleDied": [
                "recyNusCmwtrDBSab"
            ],
            "isoYear": -846,
            "BC-AD": "BC",
            "formattedYear": "847 BC",
            "modified": "2019-07-22T00:52:33.000Z"
        }
    },
    {
        "id": "recoPsYZWA4NjmgSq",
        "createdTime": "2018-04-28T22:41:19.000Z",
        "fields": {
            "yearNum": "-846",
            "peopleDied": [
                "recGM8omzST49QfAW",
                "reczy1Y7fPcD5BDQh",
                "recD8WDUZtmlX6anv",
                "rec0pylMTvkkfmwSw",
                "recg7o6VW80KwLJz7"
            ],
            "isoYear": -845,
            "BC-AD": "BC",
            "formattedYear": "846 BC",
            "modified": "2019-07-22T00:52:33.000Z"
        }
    },
    {
        "id": "recXhNRjd0Rb2KgjP",
        "createdTime": "2018-04-28T22:40:37.000Z",
        "fields": {
            "yearNum": "-844",
            "peopleBorn": [
                "recA6SoUZemkcNXbN"
            ],
            "peopleDied": [
                "rec83PZfB7PGjHMh0",
                "recsyU2HqpyE9PeTo"
            ],
            "isoYear": -843,
            "BC-AD": "BC",
            "formattedYear": "844 BC",
            "modified": "2019-07-22T00:52:33.000Z"
        }
    },
    {
        "id": "recDcDV51gFJvr4bK",
        "createdTime": "2018-04-28T22:41:19.000Z",
        "fields": {
            "yearNum": "-837",
            "peopleDied": [
                "recjyWBYEzNaB2uZC"
            ],
            "isoYear": -836,
            "BC-AD": "BC",
            "formattedYear": "837 BC",
            "modified": "2019-07-22T00:52:33.000Z"
        }
    },
    {
        "id": "recWydglfIQ4lcWQ3",
        "createdTime": "2018-04-28T22:40:37.000Z",
        "fields": {
            "yearNum": "-825",
            "peopleBorn": [
                "receruzYNFLuIW0Kn"
            ],
            "isoYear": -824,
            "BC-AD": "BC",
            "formattedYear": "825 BC",
            "modified": "2019-07-22T00:52:33.000Z"
        }
    },
    {
        "id": "recfGLOyKVGnnOXwX",
        "createdTime": "2018-04-28T22:40:37.000Z",
        "fields": {
            "yearNum": "-822",
            "peopleBorn": [
                "rec83PZfB7PGjHMh0"
            ],
            "isoYear": -821,
            "BC-AD": "BC",
            "formattedYear": "822 BC",
            "modified": "2019-07-22T00:52:33.000Z"
        }
    },
    {
        "id": "rec9q67brotNLCpTW",
        "createdTime": "2018-04-28T22:40:37.000Z",
        "fields": {
            "yearNum": "-808",
            "peopleBorn": [
                "recZOriotFt9GIf6b"
            ],
            "isoYear": -807,
            "BC-AD": "BC",
            "formattedYear": "808 BC",
            "modified": "2019-07-22T00:52:33.000Z"
        }
    },
    {
        "id": "rec15RteoYzTuSBqa",
        "createdTime": "2018-04-28T22:40:37.000Z",
        "fields": {
            "yearNum": "-802",
            "peopleBorn": [
                "recsyU2HqpyE9PeTo"
            ],
            "isoYear": -801,
            "BC-AD": "BC",
            "formattedYear": "802 BC",
            "modified": "2019-07-22T00:52:33.000Z"
        }
    },
    {
        "id": "recTVVCA5MsNGhdm0",
        "createdTime": "2018-04-28T22:41:19.000Z",
        "fields": {
            "yearNum": "-800",
            "peopleDied": [
                "recA6SoUZemkcNXbN"
            ],
            "isoYear": -799,
            "BC-AD": "BC",
            "formattedYear": "800 BC",
            "modified": "2019-07-22T00:52:33.000Z"
        }
    },
    {
        "id": "recU6aBHYUXZd5CJP",
        "createdTime": "2018-04-28T22:41:19.000Z",
        "fields": {
            "yearNum": "-770",
            "peopleDied": [
                "receruzYNFLuIW0Kn"
            ],
            "isoYear": -769,
            "BC-AD": "BC",
            "formattedYear": "770 BC",
            "modified": "2019-07-22T00:52:33.000Z"
        }
    },
    {
        "id": "rec2OPym4t8dZUh2s",
        "createdTime": "2018-04-28T22:40:37.000Z",
        "fields": {
            "yearNum": "-763",
            "peopleBorn": [
                "recQoq4AXnZxZhOFh"
            ],
            "isoYear": -762,
            "BC-AD": "BC",
            "formattedYear": "763 BC",
            "modified": "2019-07-22T00:52:33.000Z"
        }
    },
    {
        "id": "recTQcXbLE8fFUlIj",
        "createdTime": "2018-04-28T22:41:19.000Z",
        "fields": {
            "yearNum": "-742",
            "peopleDied": [
                "recZOriotFt9GIf6b"
            ],
            "isoYear": -741,
            "BC-AD": "BC",
            "formattedYear": "742 BC",
            "modified": "2019-07-22T00:52:33.000Z"
        }
    },
    {
        "id": "rec9pW544QsFULozY",
        "createdTime": "2018-04-28T22:40:37.000Z",
        "fields": {
            "yearNum": "-741",
            "peopleBorn": [
                "recNlVijtEIdQhAIm"
            ],
            "isoYear": -740,
            "BC-AD": "BC",
            "formattedYear": "741 BC",
            "modified": "2019-07-22T00:52:33.000Z"
        }
    },
    {
        "id": "recqIw6NE7zzSlKfB",
        "createdTime": "2018-04-28T22:41:19.000Z",
        "fields": {
            "yearNum": "-734",
            "peopleDied": [
                "recRMsfahAI4RmTZe"
            ],
            "isoYear": -733,
            "BC-AD": "BC",
            "formattedYear": "734 BC",
            "modified": "2019-07-22T00:52:33.000Z"
        }
    },
    {
        "id": "recEBfTMt4uppK0WO",
        "createdTime": "2018-04-28T22:41:19.000Z",
        "fields": {
            "yearNum": "-716",
            "peopleDied": [
                "recQoq4AXnZxZhOFh"
            ],
            "isoYear": -715,
            "BC-AD": "BC",
            "formattedYear": "716 BC",
            "modified": "2019-07-22T00:52:33.000Z"
        }
    },
    {
        "id": "rech2h9YQb6B6XRet",
        "createdTime": "2018-04-28T22:41:19.000Z",
        "fields": {
            "yearNum": "-689",
            "peopleDied": [
                "recNlVijtEIdQhAIm"
            ],
            "isoYear": -688,
            "BC-AD": "BC",
            "formattedYear": "689 BC",
            "modified": "2019-07-22T00:52:33.000Z"
        }
    },
    {
        "id": "reccQIbRsKBKslEEK",
        "createdTime": "2018-04-28T22:40:37.000Z",
        "fields": {
            "yearNum": "-677",
            "peopleBorn": [
                "rec5LjGfCEP8klGHt"
            ],
            "isoYear": -676,
            "BC-AD": "BC",
            "formattedYear": "677 BC",
            "modified": "2019-07-22T00:52:33.000Z"
        }
    },
    {
        "id": "recbXuolVEScnuF3v",
        "createdTime": "2018-04-28T22:40:37.000Z",
        "fields": {
            "yearNum": "-662",
            "peopleBorn": [
                "rectyCDQXPV0r8tal"
            ],
            "isoYear": -661,
            "BC-AD": "BC",
            "formattedYear": "662 BC",
            "modified": "2019-07-22T00:52:33.000Z"
        }
    },
    {
        "id": "recrmkZiXQJxvcDzC",
        "createdTime": "2018-04-28T22:40:37.000Z",
        "fields": {
            "yearNum": "-648",
            "peopleBorn": [
                "recNOn1RcB3sCzCnh"
            ],
            "isoYear": -647,
            "BC-AD": "BC",
            "formattedYear": "648 BC",
            "modified": "2019-07-22T00:52:33.000Z"
        }
    },
    {
        "id": "rec1rL3eYlU9jbc1q",
        "createdTime": "2018-04-28T22:41:19.000Z",
        "fields": {
            "yearNum": "-642",
            "peopleDied": [
                "rec5LjGfCEP8klGHt"
            ],
            "isoYear": -641,
            "BC-AD": "BC",
            "formattedYear": "642 BC",
            "modified": "2019-07-22T00:52:33.000Z"
        }
    },
    {
        "id": "recmYqSh1ZSY9eFqb",
        "createdTime": "2018-04-28T22:41:19.000Z",
        "fields": {
            "yearNum": "-640",
            "peopleDied": [
                "rectyCDQXPV0r8tal"
            ],
            "isoYear": -639,
            "BC-AD": "BC",
            "formattedYear": "640 BC",
            "modified": "2019-07-22T00:52:33.000Z"
        }
    },
    {
        "id": "recqIoNHZLxcLF19f",
        "createdTime": "2018-04-28T22:40:37.000Z",
        "fields": {
            "yearNum": "-634",
            "peopleBorn": [
                "recRVq3v1aG0UAtsg"
            ],
            "isoYear": -633,
            "BC-AD": "BC",
            "formattedYear": "634 BC",
            "modified": "2019-07-22T00:52:33.000Z"
        }
    },
    {
        "id": "rec2QcsVc8k6zg15Q",
        "createdTime": "2018-04-28T22:40:37.000Z",
        "fields": {
            "yearNum": "-628",
            "peopleBorn": [
                "rec5naIzF29A8wJIP"
            ],
            "isoYear": -627,
            "BC-AD": "BC",
            "formattedYear": "628 BC",
            "modified": "2019-07-22T00:52:33.000Z"
        }
    },
    {
        "id": "recPPsxmzi8hWzbfm",
        "createdTime": "2018-04-28T22:40:37.000Z",
        "fields": {
            "yearNum": "-616",
            "peopleBorn": [
                "recO6jj8WG1gFfhIR"
            ],
            "isoYear": -615,
            "BC-AD": "BC",
            "formattedYear": "616 BC",
            "modified": "2019-07-22T00:52:33.000Z"
        }
    },
    {
        "id": "recvO3xgOUGv2Axbi",
        "createdTime": "2018-04-28T22:41:19.000Z",
        "fields": {
            "yearNum": "-609",
            "peopleDied": [
                "recNOn1RcB3sCzCnh"
            ],
            "isoYear": -608,
            "BC-AD": "BC",
            "formattedYear": "609 BC",
            "modified": "2019-07-22T00:52:33.000Z"
        }
    },
    {
        "id": "recIwj3zuXiy6vEX0",
        "createdTime": "2018-04-28T22:41:19.000Z",
        "fields": {
            "yearNum": "-598",
            "peopleDied": [
                "recRVq3v1aG0UAtsg"
            ],
            "isoYear": -597,
            "BC-AD": "BC",
            "formattedYear": "598 BC",
            "modified": "2019-07-22T00:52:33.000Z"
        }
    },
    {
        "id": "recuxYuHR6pgVW4tj",
        "createdTime": "2018-04-28T22:40:37.000Z",
        "fields": {
            "yearNum": "-6",
            "isoYear": -5,
            "BC-AD": "BC",
            "formattedYear": "6 BC",
            "modified": "2019-07-22T00:52:33.000Z"
        }
    },
    {
        "id": "rec6xKHEEzmyyIply",
        "createdTime": "2018-10-21T21:38:28.000Z",
        "fields": {
            "yearNum": "-4",
            "peopleBorn": [
                "recgkFqZovgbr3pAi"
            ],
            "isoYear": -3,
            "BC-AD": "BC",
            "formattedYear": "4 BC",
            "modified": "2019-07-22T00:52:33.000Z"
        }
    },
    {
        "id": "recB3Bierpw3OQ8WP",
        "createdTime": "2018-04-28T22:41:19.000Z",
        "fields": {
            "yearNum": "30",
            "isoYear": 30,
            "BC-AD": "AD",
            "formattedYear": "AD 30",
            "modified": "2019-07-22T00:52:33.000Z"
        }
    },
    {
        "id": "recHk3vUOLSfGfjTz",
        "createdTime": "2018-10-21T21:38:48.000Z",
        "fields": {
            "yearNum": "30",
            "peopleDied": [
                "recgkFqZovgbr3pAi"
            ],
            "isoYear": 30,
            "BC-AD": "AD",
            "formattedYear": "AD 30",
            "modified": "2019-07-22T00:52:33.000Z"
        }
    },
    {
        "id": "recnhTULX6k8TJVz0",
        "createdTime": "2018-08-22T01:42:39.000Z",
        "fields": {
            "yearNum": "33",
            "events": "The Holy Spirit is promised, Jesus ascends to Heaven, Matthias replaces Judas, The Holy Spirit comes, Peter preaches at Pentecost, The church grows, Lame man healed, Peter preaches in Solomon's Portico, Peter and John's Trial, Believers pray for boldness, Believers share all things, Ananias and Sapphira lie to God, Apostles work signs and wonders in Solomon's Portico, \"Apostles arrested, put on trial\", Gamaliel advises the counsel and Apostles freed, Seven chosen to serve, Stephen is seized, Stephen addresses the council, Stephen is stoned",
            "isoYear": 33,
            "BC-AD": "AD",
            "formattedYear": "AD 33",
            "modified": "2023-12-02T23:09:33.000Z"
        }
    },
    {
        "id": "rec8vplYJohoqM6Lh",
        "createdTime": "2018-08-22T01:42:39.000Z",
        "fields": {
            "yearNum": "34",
            "events": "Saul persecutes the church, Philip preaches in Samaria, Conversion of Ethiopian Eunuch",
            "isoYear": 34,
            "BC-AD": "AD",
            "formattedYear": "AD 34",
            "modified": "2023-12-02T23:09:33.000Z"
        }
    },
    {
        "id": "recCuryzpYveoNUmS",
        "createdTime": "2018-08-22T01:42:39.000Z",
        "fields": {
            "yearNum": "35",
            "events": "Saul is converted, Saul proclaims Jesus",
            "isoYear": 35,
            "BC-AD": "AD",
            "formattedYear": "AD 35",
            "modified": "2023-12-02T23:09:33.000Z"
        }
    },
    {
        "id": "rec8bL3AuuNQ9zBDr",
        "createdTime": "2018-08-22T01:42:39.000Z",
        "fields": {
            "yearNum": "41",
            "events": "Peter meets Cornelius, Peter preaches to gentiles in Caesarea, Peter defends Gentile salvation, Peter heals Aeneas and Dorcas, Disciples first called Christians",
            "isoYear": 41,
            "BC-AD": "AD",
            "formattedYear": "AD 41",
            "modified": "2023-12-02T23:09:33.000Z"
        }
    },
    {
        "id": "recGmtYjIpekrXNZf",
        "createdTime": "2018-08-22T01:42:39.000Z",
        "fields": {
            "yearNum": "43",
            "events": "Herod kills James, Herod imprisons Peter, An angel rescues Peter from prison, Herod dies",
            "isoYear": 43,
            "BC-AD": "AD",
            "formattedYear": "AD 43",
            "modified": "2023-12-02T23:09:33.000Z"
        }
    },
    {
        "id": "recKgeM56ob2gC3ZW",
        "createdTime": "2018-08-22T01:42:39.000Z",
        "fields": {
            "yearNum": "44",
            "isoYear": 44,
            "BC-AD": "AD",
            "formattedYear": "AD 44",
            "modified": "2019-07-22T00:52:33.000Z"
        }
    },
    {
        "id": "reczVV9M3tRmnrqVx",
        "createdTime": "2018-08-22T01:42:39.000Z",
        "fields": {
            "yearNum": "45",
            "booksWritten": [
                "recDk5A8p9VHMaXAC"
            ],
            "isoYear": 45,
            "BC-AD": "AD",
            "formattedYear": "AD 45",
            "modified": "2019-07-22T00:52:33.000Z"
        }
    },
    {
        "id": "rec21pIXlcHOG0AtK",
        "createdTime": "2018-08-22T01:42:39.000Z",
        "fields": {
            "yearNum": "46",
            "isoYear": 46,
            "BC-AD": "AD",
            "formattedYear": "AD 46",
            "modified": "2019-07-22T00:52:33.000Z"
        }
    },
    {
        "id": "recCMDVoNBWoCZ5mZ",
        "createdTime": "2018-09-22T19:34:19.000Z",
        "fields": {
            "yearNum": "48",
            "events": "First missionary journey begins, Barnabas and Saul go to Cyprus, Mission to Antioch in Pisidia",
            "isoYear": 48,
            "BC-AD": "AD",
            "formattedYear": "AD 48",
            "modified": "2023-12-02T23:09:33.000Z"
        }
    },
    {
        "id": "reca2AmXo0bMJWIoP",
        "createdTime": "2018-09-22T19:34:55.000Z",
        "fields": {
            "yearNum": "49",
            "events": "Mission to Iconium, Mission to Lystra and Derbe, Return to Antioch in Syria, Paul Writes Galations, Jerusalem Council, Paul and Barnabas part ways",
            "booksWritten": [
                "recF3ilKWfSjLzpsj"
            ],
            "isoYear": 49,
            "BC-AD": "AD",
            "formattedYear": "AD 49",
            "modified": "2023-12-02T23:09:33.000Z"
        }
    },
    {
        "id": "recjz0yynf7rcdlXV",
        "createdTime": "2018-09-22T19:45:14.000Z",
        "fields": {
            "yearNum": "50",
            "events": "Second Missionary Journey begins, Timothy Joins Paul and Silas, \"Mission to Phrygia, Galatia and Asia\", Call to Macedonia, Lydia's Conversion, Paul casts demon out of soothsayer, Paul and Silas imprisoned, Philippian jailer converted, Paul and Silas released, Uproar in Thessalonica",
            "booksWritten": [
                "recEJId5B98HV0x6D"
            ],
            "isoYear": 50,
            "BC-AD": "AD",
            "formattedYear": "AD 50",
            "modified": "2023-12-02T23:09:33.000Z"
        }
    },
    {
        "id": "reczWDEgXD69urVJe",
        "createdTime": "2018-08-22T01:42:39.000Z",
        "fields": {
            "yearNum": "51",
            "events": "Mission to Berea, Paul preaches in Athens, \"Mission to Corinth, 1&2 Thess Written\"",
            "booksWritten": [
                "recDZc63lmQiSe0gn",
                "recnZBkoT7W0SV19v"
            ],
            "isoYear": 51,
            "BC-AD": "AD",
            "formattedYear": "AD 51",
            "modified": "2023-12-02T23:09:33.000Z"
        }
    },
    {
        "id": "rec0xzY1JhmtG9h9W",
        "createdTime": "2018-09-22T20:01:58.000Z",
        "fields": {
            "yearNum": "52",
            "events": "Return from Second Missionary Journey",
            "isoYear": 52,
            "BC-AD": "AD",
            "formattedYear": "AD 52",
            "modified": "2023-12-02T23:09:33.000Z"
        }
    },
    {
        "id": "recROgh4oBh2IxtfI",
        "createdTime": "2018-08-22T01:42:39.000Z",
        "fields": {
            "yearNum": "53",
            "events": "Third Missionary Journey Begins, Mission to Ephesus/1 Cor Written",
            "isoYear": 53,
            "BC-AD": "AD",
            "formattedYear": "AD 53",
            "modified": "2023-12-02T23:09:33.000Z"
        }
    },
    {
        "id": "recce8fpbcV7XBilN",
        "createdTime": "2018-08-22T01:42:39.000Z",
        "fields": {
            "yearNum": "54",
            "isoYear": 54,
            "BC-AD": "AD",
            "formattedYear": "AD 54",
            "modified": "2019-07-22T00:52:33.000Z"
        }
    },
    {
        "id": "rec51pkZxX5R68gKh",
        "createdTime": "2018-09-22T20:06:36.000Z",
        "fields": {
            "yearNum": "56",
            "events": "Riot in Ephesus, Mission to Macedonia and Greece",
            "booksWritten": [
                "recVtbTyqtbbtqRC5",
                "rec0CTDRtMnNCmQr9"
            ],
            "isoYear": 56,
            "BC-AD": "AD",
            "formattedYear": "AD 56",
            "modified": "2023-12-02T23:09:33.000Z"
        }
    },
    {
        "id": "recvOFi9OkrgM1IAO",
        "createdTime": "2018-09-22T20:09:02.000Z",
        "fields": {
            "yearNum": "57",
            "events": "Eutychus revived, Voyage to Miletus, Paul speaks to Ephesian Elders, Voyage from Miletus to Jerusalem, Paul visits elders in Jerusalem, Paul sent to Felix, Mission to Macedonia and Greece, Paul arrested in the Temple, Paul gives his testimony, Paul goes before the Council, The conspiracy to kill Paul",
            "booksWritten": [
                "recyvIyxRMFob6SoM",
                "recclIex2hH0wdTST"
            ],
            "isoYear": 57,
            "BC-AD": "AD",
            "formattedYear": "AD 57",
            "modified": "2023-12-02T23:09:33.000Z"
        }
    },
    {
        "id": "recVFkYrBzach92br",
        "createdTime": "2018-08-22T01:42:39.000Z",
        "fields": {
            "yearNum": "58",
            "events": "Paul sent to Felix",
            "isoYear": 58,
            "BC-AD": "AD",
            "formattedYear": "AD 58",
            "modified": "2023-12-02T23:09:33.000Z"
        }
    },
    {
        "id": "recqJW1sjasdxU204",
        "createdTime": "2018-09-22T20:26:23.000Z",
        "fields": {
            "yearNum": "59",
            "events": "Paul appeals to Caesar, Journey to Rome begins, Paul is shipwrecked by a storm, Agrippa and Bernice meet Festus, Paul goes before Agrippa",
            "isoYear": 59,
            "BC-AD": "AD",
            "formattedYear": "AD 59",
            "modified": "2023-12-02T23:09:33.000Z"
        }
    },
    {
        "id": "rec2akFmSkQMsVniz",
        "createdTime": "2018-08-22T01:42:39.000Z",
        "fields": {
            "yearNum": "60",
            "events": "Paul arrives at Rome, Paul's First Roman imprisonment, Paul stays at Malta",
            "isoYear": 60,
            "BC-AD": "AD",
            "formattedYear": "AD 60",
            "modified": "2023-12-02T23:09:33.000Z"
        }
    },
    {
        "id": "rec0kTOAllLvN855m",
        "createdTime": "2018-09-22T20:27:23.000Z",
        "fields": {
            "yearNum": "61",
            "events": "Paul's First Roman imprisonment",
            "booksWritten": [
                "recF09FMjRr0gzjQk",
                "rec3IwUp30NnnEqSL",
                "recY95JJhNEzOwMNv",
                "recY37UhYyyAlabnd",
                "recZm66X4kEQ7X3j2"
            ],
            "isoYear": 61,
            "BC-AD": "AD",
            "formattedYear": "AD 61",
            "modified": "2023-12-02T23:09:33.000Z"
        }
    },
    {
        "id": "recV8IqKaivO9ELhD",
        "createdTime": "2018-08-22T01:42:39.000Z",
        "fields": {
            "yearNum": "62",
            "events": "Paul's First Roman imprisonment",
            "isoYear": 62,
            "BC-AD": "AD",
            "formattedYear": "AD 62",
            "modified": "2023-12-02T23:09:33.000Z"
        }
    },
    {
        "id": "recZxgUO7sc80jQw2",
        "createdTime": "2018-09-22T20:29:52.000Z",
        "fields": {
            "yearNum": "63",
            "booksWritten": [
                "rec2yyoaHMOHZcynX",
                "recZJmtLFS2QnJG2b"
            ],
            "isoYear": 63,
            "BC-AD": "AD",
            "formattedYear": "AD 63",
            "modified": "2019-07-22T00:52:33.000Z"
        }
    },
    {
        "id": "recw5eSM1t5luW1eR",
        "createdTime": "2018-09-22T20:30:06.000Z",
        "fields": {
            "yearNum": "64",
            "booksWritten": [
                "receVE4rg7HzwRays"
            ],
            "isoYear": 64,
            "BC-AD": "AD",
            "formattedYear": "AD 64",
            "modified": "2019-07-22T00:52:33.000Z"
        }
    },
    {
        "id": "rec9aLhxhMi8yaVEO",
        "createdTime": "2018-09-22T20:30:17.000Z",
        "fields": {
            "yearNum": "66",
            "booksWritten": [
                "rec28yVZWWOL1gftz"
            ],
            "isoYear": 66,
            "BC-AD": "AD",
            "formattedYear": "AD 66",
            "modified": "2019-07-22T00:52:33.000Z"
        }
    },
    {
        "id": "rec0A69638GHKV6ts",
        "createdTime": "2018-09-22T20:31:16.000Z",
        "fields": {
            "yearNum": "67",
            "booksWritten": [
                "recKvTNUismk1ckEr",
                "recFNtUGO3RQUDGPv",
                "recNvq1wZtB13BbbW"
            ],
            "isoYear": 67,
            "BC-AD": "AD",
            "formattedYear": "AD 67",
            "modified": "2019-07-22T00:52:33.000Z"
        }
    },
    {
        "id": "recKeiVoqVeqOLzmm",
        "createdTime": "2018-10-21T21:41:47.000Z",
        "fields": {
            "yearNum": "1821",
            "isoYear": 1821,
            "BC-AD": "AD",
            "formattedYear": "AD 1821",
            "modified": "2019-07-22T00:52:33.000Z"
        }
    },
    {
        "id": "rec4hoj7io8Sqg9x1",
        "createdTime": "2020-05-15T01:08:17.000Z",
        "fields": {
            "yearNum": "-4003",
            "peopleBorn": [
                "recYqSnSPlrNvnE1m"
            ],
            "isoYear": -4002,
            "BC-AD": "BC",
            "formattedYear": "4003 BC",
            "modified": "2020-05-15T01:08:17.000Z"
        }
    },
    {
        "id": "recG1YL4HLJ3kxuxY",
        "createdTime": "2020-05-15T01:09:36.000Z",
        "fields": {
            "yearNum": "-3875",
            "events": "Cain kills Abel, God curses Cain",
            "isoYear": -3874,
            "BC-AD": "BC",
            "formattedYear": "3875 BC",
            "modified": "2023-12-02T23:09:33.000Z"
        }
    },
    {
        "id": "recjGxlwx6Ry2dvev",
        "createdTime": "2020-05-15T01:43:17.000Z",
        "fields": {
            "yearNum": "-3874",
            "peopleBorn": [
                "recdvASnxGfjfmvDM"
            ],
            "isoYear": -3873,
            "BC-AD": "BC",
            "formattedYear": "3874 BC",
            "modified": "2020-05-15T01:43:17.000Z"
        }
    },
    {
        "id": "recDqgXQQKUrUoBrC",
        "createdTime": "2020-05-15T02:00:46.000Z",
        "fields": {
            "yearNum": "-2446",
            "peopleBorn": [
                "recOCbR2kuXoxyvkq"
            ],
            "isoYear": -2445,
            "BC-AD": "BC",
            "formattedYear": "2446 BC",
            "modified": "2020-05-15T02:00:46.000Z"
        }
    },
    {
        "id": "recrHuKYSpFgZw5CQ",
        "createdTime": "2020-05-15T02:01:03.000Z",
        "fields": {
            "yearNum": "-1846",
            "peopleDied": [
                "recOCbR2kuXoxyvkq"
            ],
            "isoYear": -1845,
            "BC-AD": "BC",
            "formattedYear": "1846 BC",
            "modified": "2020-05-15T02:01:03.000Z"
        }
    },
    {
        "id": "recwzatv1RphDRauo",
        "createdTime": "2020-05-15T02:36:50.000Z",
        "fields": {
            "yearNum": "-2468",
            "events": "God decides to destroy every living thing",
            "isoYear": -2467,
            "BC-AD": "BC",
            "formattedYear": "2468 BC",
            "modified": "2023-12-02T23:09:33.000Z"
        }
    },
    {
        "id": "recc6OI3dn4Z8cznM",
        "createdTime": "2020-05-15T02:39:16.000Z",
        "fields": {
            "yearNum": "-2400",
            "events": "God instructs Noah to build the ark",
            "isoYear": -2399,
            "BC-AD": "BC",
            "formattedYear": "2400 BC",
            "modified": "2023-12-02T23:09:33.000Z"
        }
    },
    {
        "id": "recGTFXCLmKqmVkBL",
        "createdTime": "2020-05-15T12:58:10.000Z",
        "fields": {
            "yearNum": "-2347",
            "events": "The flood subsides, Leaving the Ark, Noahic Covenant",
            "isoYear": -2346,
            "BC-AD": "BC",
            "formattedYear": "2347 BC",
            "modified": "2023-12-02T23:09:33.000Z"
        }
    },
    {
        "id": "recXYuyFWpo8O86aI",
        "createdTime": "2020-05-15T13:34:16.000Z",
        "fields": {
            "yearNum": "-2346",
            "peopleBorn": [
                "recDncefA67SnXVsu"
            ],
            "events": "Noah gets drunk and Canaan is cursed",
            "isoYear": -2345,
            "BC-AD": "BC",
            "formattedYear": "2346 BC",
            "modified": "2023-12-02T23:09:33.000Z"
        }
    },
    {
        "id": "recrJRmVlYFxyYQon",
        "createdTime": "2020-05-17T01:14:11.000Z",
        "fields": {
            "yearNum": "-1908",
            "peopleDied": [
                "recDncefA67SnXVsu"
            ],
            "isoYear": -1907,
            "BC-AD": "BC",
            "formattedYear": "1908 BC",
            "modified": "2020-05-17T01:14:11.000Z"
        }
    },
    {
        "id": "recZcXX5ypkykZG1J",
        "createdTime": "2020-05-17T01:14:33.000Z",
        "fields": {
            "yearNum": "-2281",
            "peopleBorn": [
                "recRO35quNb37mHVy"
            ],
            "isoYear": -2280,
            "BC-AD": "BC",
            "formattedYear": "2281 BC",
            "modified": "2020-05-17T01:14:33.000Z"
        }
    },
    {
        "id": "recz2SniG80RaHA0p",
        "createdTime": "2020-05-17T01:15:25.000Z",
        "fields": {
            "yearNum": "-2247",
            "peopleBorn": [
                "recIkDyjqErbTqdt0"
            ],
            "isoYear": -2246,
            "BC-AD": "BC",
            "formattedYear": "2247 BC",
            "modified": "2020-05-17T01:15:25.000Z"
        }
    },
    {
        "id": "rec2F4ROBVoZDqLOe",
        "createdTime": "2020-05-17T01:15:30.000Z",
        "fields": {
            "yearNum": "-2008",
            "peopleDied": [
                "recIkDyjqErbTqdt0"
            ],
            "isoYear": -2007,
            "BC-AD": "BC",
            "formattedYear": "2008 BC",
            "modified": "2020-05-17T01:15:30.000Z"
        }
    },
    {
        "id": "reciJFkGQ4p6fNuf1",
        "createdTime": "2020-05-17T01:15:53.000Z",
        "fields": {
            "yearNum": "-2311",
            "peopleBorn": [
                "recMoCCDPVw5IzYq8"
            ],
            "isoYear": -2310,
            "BC-AD": "BC",
            "formattedYear": "2311 BC",
            "modified": "2020-05-17T01:15:53.000Z"
        }
    },
    {
        "id": "reclpPY45sR6T8o3f",
        "createdTime": "2020-05-17T01:16:00.000Z",
        "fields": {
            "yearNum": "-1878",
            "peopleDied": [
                "recMoCCDPVw5IzYq8"
            ],
            "isoYear": -1877,
            "BC-AD": "BC",
            "formattedYear": "1878 BC",
            "modified": "2020-05-17T01:16:00.000Z"
        }
    },
    {
        "id": "recoCvDofnZg7Vy23",
        "createdTime": "2020-05-17T01:58:03.000Z",
        "fields": {
            "yearNum": "-2155",
            "peopleBorn": [
                "recyVuQvM4Ue7gOd4"
            ],
            "isoYear": -2154,
            "BC-AD": "BC",
            "formattedYear": "2155 BC",
            "modified": "2020-05-17T01:58:03.000Z"
        }
    },
    {
        "id": "rec3OH8YDdWERwfVv",
        "createdTime": "2020-05-17T01:58:09.000Z",
        "fields": {
            "yearNum": "-2007",
            "peopleDied": [
                "recyVuQvM4Ue7gOd4"
            ],
            "isoYear": -2006,
            "BC-AD": "BC",
            "formattedYear": "2007 BC",
            "modified": "2020-05-17T01:58:09.000Z"
        }
    },
    {
        "id": "receIpn6axhdNpvYW",
        "createdTime": "2020-05-17T02:00:14.000Z",
        "fields": {
            "yearNum": "-2217",
            "peopleBorn": [
                "recmCYRmiSdCy63Fc"
            ],
            "isoYear": -2216,
            "BC-AD": "BC",
            "formattedYear": "2217 BC",
            "modified": "2020-05-17T02:00:14.000Z"
        }
    },
    {
        "id": "reczSgxmpZ4OeWW2t",
        "createdTime": "2020-05-17T02:00:30.000Z",
        "fields": {
            "yearNum": "-1978",
            "peopleDied": [
                "recmCYRmiSdCy63Fc"
            ],
            "isoYear": -1977,
            "BC-AD": "BC",
            "formattedYear": "1978 BC",
            "modified": "2020-05-17T02:00:30.000Z"
        }
    },
    {
        "id": "recG9D0LEfWht8crK",
        "createdTime": "2020-05-17T02:01:17.000Z",
        "fields": {
            "yearNum": "-1955",
            "peopleDied": [
                "rec5I7GZ9sLwh0hI2"
            ],
            "isoYear": -1954,
            "BC-AD": "BC",
            "formattedYear": "1955 BC",
            "modified": "2020-05-17T02:01:17.000Z"
        }
    },
    {
        "id": "rechcKcbDFWNilkXk",
        "createdTime": "2020-05-17T02:01:32.000Z",
        "fields": {
            "yearNum": "-2126",
            "peopleBorn": [
                "recXBYSWubfkpqNQm"
            ],
            "isoYear": -2125,
            "BC-AD": "BC",
            "formattedYear": "2126 BC",
            "modified": "2020-05-17T02:01:32.000Z"
        }
    },
    {
        "id": "recggWxd7pHg4VBrj",
        "createdTime": "2020-05-17T02:01:51.000Z",
        "fields": {
            "yearNum": "-1921",
            "peopleDied": [
                "recXBYSWubfkpqNQm"
            ],
            "events": "Abraham is called to Canaan, Abraham goes to Egypt",
            "isoYear": -1920,
            "BC-AD": "BC",
            "formattedYear": "1921 BC",
            "modified": "2023-12-02T23:09:33.000Z"
        }
    },
    {
        "id": "recrD6xnk3ihg0jEz",
        "createdTime": "2020-05-17T20:17:15.000Z",
        "fields": {
            "yearNum": "-2246",
            "events": "Languages are confused at Babel",
            "isoYear": -2245,
            "BC-AD": "BC",
            "formattedYear": "2246 BC",
            "modified": "2023-12-02T23:09:33.000Z"
        }
    },
    {
        "id": "recO83CDZw1XT7AIM",
        "createdTime": "2020-07-08T16:08:43.000Z",
        "fields": {
            "yearNum": "-1920",
            "events": "Abraham and Lot Separate",
            "isoYear": -1919,
            "BC-AD": "BC",
            "formattedYear": "1920 BC",
            "modified": "2023-12-02T23:09:33.000Z"
        }
    },
    {
        "id": "recqQepOerMw7nmLU",
        "createdTime": "2020-07-08T16:22:26.000Z",
        "fields": {
            "yearNum": "-1918",
            "isoYear": -1917,
            "BC-AD": "BC",
            "formattedYear": "1918 BC",
            "modified": "2020-07-09T12:37:33.000Z"
        }
    },
    {
        "id": "recfFlHikkyJobYQu",
        "createdTime": "2020-09-02T01:55:29.000Z",
        "fields": {
            "yearNum": "-1755",
            "peopleBorn": [
                "rec0rm6yYA4YUQrkh",
                "recwqzXQjpmdyyW9y",
                "recT2Tm2K5XORGnbx"
            ],
            "isoYear": -1754,
            "BC-AD": "BC",
            "formattedYear": "1755 BC",
            "modified": "2020-09-02T16:45:01.000Z"
        }
    },
    {
        "id": "recwAkRmsIrVtr8Jf",
        "createdTime": "2020-09-02T01:55:50.000Z",
        "fields": {
            "yearNum": "-1721",
            "peopleBorn": [
                "recMUZkUfOwBiZ3jk"
            ],
            "isoYear": -1720,
            "BC-AD": "BC",
            "formattedYear": "1721 BC",
            "modified": "2020-09-02T01:55:50.000Z"
        }
    },
    {
        "id": "rec8T7pdwC4WPdvZi",
        "createdTime": "2020-09-02T01:56:40.000Z",
        "fields": {
            "yearNum": "-1757",
            "peopleBorn": [
                "recjDsafRYaksAqa1"
            ],
            "isoYear": -1756,
            "BC-AD": "BC",
            "formattedYear": "1757 BC",
            "modified": "2020-09-02T01:56:40.000Z"
        }
    },
    {
        "id": "rec5XsNfAbeW5ZqtT",
        "createdTime": "2020-09-02T01:57:36.000Z",
        "fields": {
            "yearNum": "-1754",
            "peopleBorn": [
                "recmAUAIwW85ajksn"
            ],
            "isoYear": -1753,
            "BC-AD": "BC",
            "formattedYear": "1754 BC",
            "modified": "2020-09-02T01:57:36.000Z"
        }
    },
    {
        "id": "recUGwoIFz6jFnMLm",
        "createdTime": "2020-09-02T01:57:54.000Z",
        "fields": {
            "yearNum": "-1753",
            "peopleBorn": [
                "recDggWlQNbxJLalN"
            ],
            "isoYear": -1752,
            "BC-AD": "BC",
            "formattedYear": "1753 BC",
            "modified": "2020-09-02T01:57:54.000Z"
        }
    },
    {
        "id": "recBAjDvWFAdZC0K4",
        "createdTime": "2020-09-02T01:58:11.000Z",
        "fields": {
            "yearNum": "-1752",
            "peopleBorn": [
                "rectGDQCkKqZ6LgGB",
                "rec3HzZknu1HOvNci"
            ],
            "isoYear": -1751,
            "BC-AD": "BC",
            "formattedYear": "1752 BC",
            "modified": "2020-09-02T01:58:27.000Z"
        }
    },
    {
        "id": "recK9zoWguLTMs5QK",
        "createdTime": "2020-09-02T01:58:43.000Z",
        "fields": {
            "yearNum": "-1751",
            "peopleBorn": [
                "recZ6YiBydClBiVVJ"
            ],
            "isoYear": -1750,
            "BC-AD": "BC",
            "formattedYear": "1751 BC",
            "modified": "2020-09-02T01:58:43.000Z"
        }
    },
    {
        "id": "recu0NexSTlutf6PY",
        "createdTime": "2020-09-02T01:58:59.000Z",
        "fields": {
            "yearNum": "-1750",
            "peopleBorn": [
                "recthlE4FTgDZvDef"
            ],
            "isoYear": -1749,
            "BC-AD": "BC",
            "formattedYear": "1750 BC",
            "modified": "2020-09-02T01:58:59.000Z"
        }
    },
    {
        "id": "rec08OOHnWCdFr2kb",
        "createdTime": "2020-09-02T02:02:27.000Z",
        "fields": {
            "yearNum": "-1720",
            "peopleBorn": [
                "recKXL1QrW8qTw5Ux"
            ],
            "isoYear": -1719,
            "BC-AD": "BC",
            "formattedYear": "1720 BC",
            "modified": "2020-09-02T02:02:27.000Z"
        }
    },
    {
        "id": "rech4yzIsbhkGCpT5",
        "createdTime": "2020-09-02T02:02:44.000Z",
        "fields": {
            "yearNum": "-1580",
            "peopleDied": [
                "recKXL1QrW8qTw5Ux"
            ],
            "isoYear": -1579,
            "BC-AD": "BC",
            "formattedYear": "1580 BC",
            "modified": "2020-09-02T02:02:44.000Z"
        }
    },
    {
        "id": "rec1G0RddPZrfB8k3",
        "createdTime": "2020-09-02T02:03:09.000Z",
        "fields": {
            "yearNum": "-1452",
            "peopleDied": [
                "recjNRR60PAuFtjha"
            ],
            "isoYear": -1451,
            "BC-AD": "BC",
            "formattedYear": "1452 BC",
            "modified": "2020-09-02T02:03:09.000Z"
        }
    },
    {
        "id": "recUw6I9UyxfaQ4ip",
        "createdTime": "2020-09-02T02:03:51.000Z",
        "fields": {
            "yearNum": "-1529",
            "peopleBorn": [
                "recVua5TkKSl3y6Ol"
            ],
            "isoYear": -1528,
            "BC-AD": "BC",
            "formattedYear": "1529 BC",
            "modified": "2020-09-02T02:03:51.000Z"
        }
    },
    {
        "id": "recgscNRpK4HInDEM",
        "createdTime": "2020-09-13T19:43:37.000Z",
        "fields": {
            "yearNum": "-1122",
            "peopleDied": [
                "recH9ECLXz8IgSUgF"
            ],
            "isoYear": -1121,
            "BC-AD": "BC",
            "formattedYear": "1122 BC",
            "modified": "2020-09-13T19:43:37.000Z"
        }
    },
    {
        "id": "recWOA7YEpGNgEeMR",
        "createdTime": "2020-09-13T20:20:52.000Z",
        "fields": {
            "yearNum": "-1101",
            "peopleDied": [
                "recwcML6FMulTblKH"
            ],
            "isoYear": -1100,
            "BC-AD": "BC",
            "formattedYear": "1101 BC",
            "modified": "2020-09-13T20:20:52.000Z"
        }
    }
]