﻿osisName,bookOrder,bookName,bookDiv,testament,shortName,slug,yearWritten,placeWritten,chapters,chapterCount,verseCount,writers,peopleCount,placeCount,modified
Gen,1,Genesis,Pentateuch,Old Testament,Ge,gen,,,"Gen.1,Gen.2,Gen.3,Gen.4,Gen.5,Gen.6,Gen.7,Gen.8,Gen.9,Gen.10,Gen.11,Gen.12,Gen.13,Gen.14,Gen.15,Gen.16,Gen.17,Gen.18,Gen.19,Gen.20,Gen.21,Gen.22,Gen.23,Gen.24,Gen.25,Gen.26,Gen.27,Gen.28,Gen.29,Gen.30,Gen.31,Gen.32,Gen.33,Gen.34,Gen.35,Gen.36,Gen.37,Gen.38,Gen.39,Gen.40,Gen.41,Gen.42,Gen.43,Gen.44,Gen.45,Gen.46,Gen.47,Gen.48,Gen.49,Gen.50",50,1533,moses_2108,1082,266,
Exod,2,Exodus,Pentateuch,Old Testament,Ex,exod,,,"Exod.1,Exod.2,Exod.3,Exod.4,Exod.5,Exod.6,Exod.7,Exod.8,Exod.9,Exod.10,Exod.11,Exod.12,Exod.13,Exod.14,Exod.15,Exod.16,Exod.17,Exod.18,Exod.19,Exod.20,Exod.21,Exod.22,Exod.23,Exod.24,Exod.25,Exod.26,Exod.27,Exod.28,Exod.29,Exod.30,Exod.31,Exod.32,Exod.33,Exod.34,Exod.35,Exod.36,Exod.37,Exod.38,Exod.39,Exod.40",40,1213,moses_2108,619,179,
Lev,3,Leviticus,Pentateuch,Old Testament,Le,lev,,,"Lev.1,Lev.2,Lev.3,Lev.4,Lev.5,Lev.6,Lev.7,Lev.8,Lev.9,Lev.10,Lev.11,Lev.12,Lev.13,Lev.14,Lev.15,Lev.16,Lev.17,Lev.18,Lev.19,Lev.20,Lev.21,Lev.22,Lev.23,Lev.24,Lev.25,Lev.26,Lev.27",27,859,moses_2108,366,28,
Num,4,Numbers,Pentateuch,Old Testament,Nu,num,,,"Num.1,Num.2,Num.3,Num.4,Num.5,Num.6,Num.7,Num.8,Num.9,Num.10,Num.11,Num.12,Num.13,Num.14,Num.15,Num.16,Num.17,Num.18,Num.19,Num.20,Num.21,Num.22,Num.23,Num.24,Num.25,Num.26,Num.27,Num.28,Num.29,Num.30,Num.31,Num.32,Num.33,Num.34,Num.35,Num.36",36,1288,moses_2108,832,207,
Deut,5,Deuteronomy,Pentateuch,Old Testament,Dt,deut,,,"Deut.1,Deut.2,Deut.3,Deut.4,Deut.5,Deut.6,Deut.7,Deut.8,Deut.9,Deut.10,Deut.11,Deut.12,Deut.13,Deut.14,Deut.15,Deut.16,Deut.17,Deut.18,Deut.19,Deut.20,Deut.21,Deut.22,Deut.23,Deut.24,Deut.25,Deut.26,Deut.27,Deut.28,Deut.29,Deut.30,Deut.31,Deut.32,Deut.33,Deut.34",34,959,moses_2108,528,146,
Josh,6,Joshua,Historical,Old Testament,Jos,josh,,,"Josh.1,Josh.2,Josh.3,Josh.4,Josh.5,Josh.6,Josh.7,Josh.8,Josh.9,Josh.10,Josh.11,Josh.12,Josh.13,Josh.14,Josh.15,Josh.16,Josh.17,Josh.18,Josh.19,Josh.20,Josh.21,Josh.22,Josh.23,Josh.24",24,658,joshua_1727,413,370,
Judg,7,Judges,Historical,Old Testament,Jdg,judg,,,"Judg.1,Judg.2,Judg.3,Judg.4,Judg.5,Judg.6,Judg.7,Judg.8,Judg.9,Judg.10,Judg.11,Judg.12,Judg.13,Judg.14,Judg.15,Judg.16,Judg.17,Judg.18,Judg.19,Judg.20,Judg.21",21,618,samuel_2469,454,244,
Ruth,8,Ruth,Historical,Old Testament,Ru,ruth,,,"Ruth.1,Ruth.2,Ruth.3,Ruth.4",4,85,samuel_2469,57,9,
1Sam,9,1 Samuel,Historical,Old Testament,1Sa,1sam,,,"1Sam.1,1Sam.2,1Sam.3,1Sam.4,1Sam.5,1Sam.6,1Sam.7,1Sam.8,1Sam.9,1Sam.10,1Sam.11,1Sam.12,1Sam.13,1Sam.14,1Sam.15,1Sam.16,1Sam.17,1Sam.18,1Sam.19,1Sam.20,1Sam.21,1Sam.22,1Sam.23,1Sam.24,1Sam.25,1Sam.26,1Sam.27,1Sam.28,1Sam.29,1Sam.30,1Sam.31",31,810,"samuel_2469, samuel_2469, gad_1263, nathan_2153",662,193,
2Sam,10,2 Samuel,Historical,Old Testament,2Sa,2sam,,,"2Sam.1,2Sam.2,2Sam.3,2Sam.4,2Sam.5,2Sam.6,2Sam.7,2Sam.8,2Sam.9,2Sam.10,2Sam.11,2Sam.12,2Sam.13,2Sam.14,2Sam.15,2Sam.16,2Sam.17,2Sam.18,2Sam.19,2Sam.20,2Sam.21,2Sam.22,2Sam.23,2Sam.24",24,695,"samuel_2469, gad_1263, nathan_2153",556,166,
1Kgs,11,1 Kings,Historical,Old Testament,1Ki,1kgs,,,"1Kgs.1,1Kgs.2,1Kgs.3,1Kgs.4,1Kgs.5,1Kgs.6,1Kgs.7,1Kgs.8,1Kgs.9,1Kgs.10,1Kgs.11,1Kgs.12,1Kgs.13,1Kgs.14,1Kgs.15,1Kgs.16,1Kgs.17,1Kgs.18,1Kgs.19,1Kgs.20,1Kgs.21,1Kgs.22",22,816,jeremiah_853,586,192,
2Kgs,12,2 Kings,Historical,Old Testament,2Ki,2kgs,,,"2Kgs.1,2Kgs.2,2Kgs.3,2Kgs.4,2Kgs.5,2Kgs.6,2Kgs.7,2Kgs.8,2Kgs.9,2Kgs.10,2Kgs.11,2Kgs.12,2Kgs.13,2Kgs.14,2Kgs.15,2Kgs.16,2Kgs.17,2Kgs.18,2Kgs.19,2Kgs.20,2Kgs.21,2Kgs.22,2Kgs.23,2Kgs.24,2Kgs.25",25,719,jeremiah_853,554,265,
1Chr,13,1 Chronicles,Historical,Old Testament,1Ch,1chr,,,"1Chr.1,1Chr.2,1Chr.3,1Chr.4,1Chr.5,1Chr.6,1Chr.7,1Chr.8,1Chr.9,1Chr.10,1Chr.11,1Chr.12,1Chr.13,1Chr.14,1Chr.15,1Chr.16,1Chr.17,1Chr.18,1Chr.19,1Chr.20,1Chr.21,1Chr.22,1Chr.23,1Chr.24,1Chr.25,1Chr.26,1Chr.27,1Chr.28,1Chr.29",29,942,ezra_1245,836,161,
2Chr,14,2 Chronicles,Historical,Old Testament,2Ch,2chr,,,"2Chr.1,2Chr.2,2Chr.3,2Chr.4,2Chr.5,2Chr.6,2Chr.7,2Chr.8,2Chr.9,2Chr.10,2Chr.11,2Chr.12,2Chr.13,2Chr.14,2Chr.15,2Chr.16,2Chr.17,2Chr.18,2Chr.19,2Chr.20,2Chr.21,2Chr.22,2Chr.23,2Chr.24,2Chr.25,2Chr.26,2Chr.27,2Chr.28,2Chr.29,2Chr.30,2Chr.31,2Chr.32,2Chr.33,2Chr.34,2Chr.35,2Chr.36",36,822,ezra_1245,611,236,
Ezra,15,Ezra,Historical,Old Testament,Ezr,ezra,,,"Ezra.1,Ezra.2,Ezra.3,Ezra.4,Ezra.5,Ezra.6,Ezra.7,Ezra.8,Ezra.9,Ezra.10",10,280,ezra_1245,209,89,
Neh,16,Nehemiah,Historical,Old Testament,Ne,neh,,,"Neh.1,Neh.2,Neh.3,Neh.4,Neh.5,Neh.6,Neh.7,Neh.8,Neh.9,Neh.10,Neh.11,Neh.12,Neh.13",13,406,nehemiah_2172,259,99,
Esth,17,Esther,Historical,Old Testament,Es,esth,,,"Esth.1,Esth.2,Esth.3,Esth.4,Esth.5,Esth.6,Esth.7,Esth.8,Esth.9,Esth.10",10,167,mordecai_2107,119,24,
Job,18,Job,Poetry-Wisdom,Old Testament,Job,job,,,"Job.1,Job.2,Job.3,Job.4,Job.5,Job.6,Job.7,Job.8,Job.9,Job.10,Job.11,Job.12,Job.13,Job.14,Job.15,Job.16,Job.17,Job.18,Job.19,Job.20,Job.21,Job.22,Job.23,Job.24,Job.25,Job.26,Job.27,Job.28,Job.29,Job.30,Job.31,Job.32,Job.33,Job.34,Job.35,Job.36,Job.37,Job.38,Job.39,Job.40,Job.41,Job.42",42,1070,moses_2108,190,6,
Ps,19,Psalms,Poetry-Wisdom,Old Testament,Ps,ps,,,"Ps.1,Ps.2,Ps.3,Ps.4,Ps.5,Ps.6,Ps.7,Ps.8,Ps.9,Ps.10,Ps.11,Ps.12,Ps.13,Ps.14,Ps.15,Ps.16,Ps.17,Ps.18,Ps.19,Ps.20,Ps.21,Ps.22,Ps.23,Ps.24,Ps.25,Ps.26,Ps.27,Ps.28,Ps.29,Ps.30,Ps.31,Ps.32,Ps.33,Ps.34,Ps.35,Ps.36,Ps.37,Ps.38,Ps.39,Ps.40,Ps.41,Ps.42,Ps.43,Ps.44,Ps.45,Ps.46,Ps.47,Ps.48,Ps.49,Ps.50,Ps.51,Ps.52,Ps.53,Ps.54,Ps.55,Ps.56,Ps.57,Ps.58,Ps.59,Ps.60,Ps.61,Ps.62,Ps.63,Ps.64,Ps.65,Ps.66,Ps.67,Ps.68,Ps.69,Ps.70,Ps.71,Ps.72,Ps.73,Ps.74,Ps.75,Ps.76,Ps.77,Ps.78,Ps.79,Ps.80,Ps.81,Ps.82,Ps.83,Ps.84,Ps.85,Ps.86,Ps.87,Ps.88,Ps.89,Ps.90,Ps.91,Ps.92,Ps.93,Ps.94,Ps.95,Ps.96,Ps.97,Ps.98,Ps.99,Ps.100,Ps.101,Ps.102,Ps.103,Ps.104,Ps.105,Ps.106,Ps.107,Ps.108,Ps.109,Ps.110,Ps.111,Ps.112,Ps.113,Ps.114,Ps.115,Ps.116,Ps.117,Ps.118,Ps.119,Ps.120,Ps.121,Ps.122,Ps.123,Ps.124,Ps.125,Ps.126,Ps.127,Ps.128,Ps.129,Ps.130,Ps.131,Ps.132,Ps.133,Ps.134,Ps.135,Ps.136,Ps.137,Ps.138,Ps.139,Ps.140,Ps.141,Ps.142,Ps.143,Ps.144,Ps.145,Ps.146,Ps.147,Ps.148,Ps.149,Ps.150",150,2461,", david_994, asaph_330, solomon_2762, heman_1488, ethan_1222, moses_2108",1026,118,
Prov,20,Proverbs,Poetry-Wisdom,Old Testament,Pr,prov,,,"Prov.1,Prov.2,Prov.3,Prov.4,Prov.5,Prov.6,Prov.7,Prov.8,Prov.9,Prov.10,Prov.11,Prov.12,Prov.13,Prov.14,Prov.15,Prov.16,Prov.17,Prov.18,Prov.19,Prov.20,Prov.21,Prov.22,Prov.23,Prov.24,Prov.25,Prov.26,Prov.27,Prov.28,Prov.29,Prov.30,Prov.31",31,915,"solomon_2762, agur_112, lemuel_1817",100,0,
Eccl,21,Ecclesiastes,Poetry-Wisdom,Old Testament,Ec,eccl,,,"Eccl.1,Eccl.2,Eccl.3,Eccl.4,Eccl.5,Eccl.6,Eccl.7,Eccl.8,Eccl.9,Eccl.10,Eccl.11,Eccl.12",12,222,solomon_2762,37,5,
Song,22,Song of Solomon,Poetry-Wisdom,Old Testament,So,song,,,"Song.1,Song.2,Song.3,Song.4,Song.5,Song.6,Song.7,Song.8",8,117,solomon_2762,9,21,
Isa,23,Isaiah,Major Prophets,Old Testament,Is,isa,,,"Isa.1,Isa.2,Isa.3,Isa.4,Isa.5,Isa.6,Isa.7,Isa.8,Isa.9,Isa.10,Isa.11,Isa.12,Isa.13,Isa.14,Isa.15,Isa.16,Isa.17,Isa.18,Isa.19,Isa.20,Isa.21,Isa.22,Isa.23,Isa.24,Isa.25,Isa.26,Isa.27,Isa.28,Isa.29,Isa.30,Isa.31,Isa.32,Isa.33,Isa.34,Isa.35,Isa.36,Isa.37,Isa.38,Isa.39,Isa.40,Isa.41,Isa.42,Isa.43,Isa.44,Isa.45,Isa.46,Isa.47,Isa.48,Isa.49,Isa.50,Isa.51,Isa.52,Isa.53,Isa.54,Isa.55,Isa.56,Isa.57,Isa.58,Isa.59,Isa.60,Isa.61,Isa.62,Isa.63,Isa.64,Isa.65,Isa.66",66,1292,isaiah_617,556,248,
Jer,24,Jeremiah,Major Prophets,Old Testament,Je,jer,,,"Jer.1,Jer.2,Jer.3,Jer.4,Jer.5,Jer.6,Jer.7,Jer.8,Jer.9,Jer.10,Jer.11,Jer.12,Jer.13,Jer.14,Jer.15,Jer.16,Jer.17,Jer.18,Jer.19,Jer.20,Jer.21,Jer.22,Jer.23,Jer.24,Jer.25,Jer.26,Jer.27,Jer.28,Jer.29,Jer.30,Jer.31,Jer.32,Jer.33,Jer.34,Jer.35,Jer.36,Jer.37,Jer.38,Jer.39,Jer.40,Jer.41,Jer.42,Jer.43,Jer.44,Jer.45,Jer.46,Jer.47,Jer.48,Jer.49,Jer.50,Jer.51,Jer.52",52,1364,jeremiah_853,840,443,
Lam,25,Lamentations,Poetry-Wisdom,Old Testament,La,lam,,,"Lam.1,Lam.2,Lam.3,Lam.4,Lam.5",5,154,jeremiah_853,47,22,
Ezek,26,Ezekiel,Major Prophets,Old Testament,Eze,ezek,,,"Ezek.1,Ezek.2,Ezek.3,Ezek.4,Ezek.5,Ezek.6,Ezek.7,Ezek.8,Ezek.9,Ezek.10,Ezek.11,Ezek.12,Ezek.13,Ezek.14,Ezek.15,Ezek.16,Ezek.17,Ezek.18,Ezek.19,Ezek.20,Ezek.21,Ezek.22,Ezek.23,Ezek.24,Ezek.25,Ezek.26,Ezek.27,Ezek.28,Ezek.29,Ezek.30,Ezek.31,Ezek.32,Ezek.33,Ezek.34,Ezek.35,Ezek.36,Ezek.37,Ezek.38,Ezek.39,Ezek.40,Ezek.41,Ezek.42,Ezek.43,Ezek.44,Ezek.45,Ezek.46,Ezek.47,Ezek.48",48,1273,ezekiel_1237,482,195,
Dan,27,Daniel,Major Prophets,Old Testament,Da,dan,,,"Dan.1,Dan.2,Dan.3,Dan.4,Dan.5,Dan.6,Dan.7,Dan.8,Dan.9,Dan.10,Dan.11,Dan.12",12,357,daniel_975,158,40,
Hos,28,Hosea,Minor Prophets,Old Testament,Ho,hos,,,"Hos.1,Hos.2,Hos.3,Hos.4,Hos.5,Hos.6,Hos.7,Hos.8,Hos.9,Hos.10,Hos.11,Hos.12,Hos.13,Hos.14",14,197,hosea_1555,95,44,
Joel,29,Joel,Minor Prophets,Old Testament,Joe,joel,,,"Joel.1,Joel.2,Joel.3",3,73,joel_1660,31,16,
Amos,30,Amos,Minor Prophets,Old Testament,Am,amos,,,"Amos.1,Amos.2,Amos.3,Amos.4,Amos.5,Amos.6,Amos.7,Amos.8,Amos.9",9,146,amos_238,89,39,
Obad,31,Obadiah,Minor Prophets,Old Testament,Ob,obad,,,Obad.1,1,21,obadiah_2226,12,9,
Jonah,32,Jonah,Minor Prophets,Old Testament,Jon,jonah,,,"Jonah.1,Jonah.2,Jonah.3,Jonah.4",4,48,jonah_1689,35,10,
Mic,33,Micah,Minor Prophets,Old Testament,Mic,mic,,,"Mic.1,Mic.2,Mic.3,Mic.4,Mic.5,Mic.6,Mic.7",7,105,micah_2053,49,25,
Nah,34,Nahum,Minor Prophets,Old Testament,Na,nah,,,"Nah.1,Nah.2,Nah.3",3,47,nahum_2145,11,7,
Hab,35,Habakkuk,Minor Prophets,Old Testament,Hab,hab,,,"Hab.1,Hab.2,Hab.3",3,56,habakkuk_1334,15,3,
Zeph,36,Zephaniah,Minor Prophets,Old Testament,Zep,zeph,,,"Zeph.1,Zeph.2,Zeph.3",3,53,zephaniah_3040,29,13,
Hag,37,Haggai,Minor Prophets,Old Testament,Hag,hag,,,"Hag.1,Hag.2",2,38,haggai_1349,28,1,
Zech,38,Zechariah,Minor Prophets,Old Testament,Zec,zech,,,"Zech.1,Zech.2,Zech.3,Zech.4,Zech.5,Zech.6,Zech.7,Zech.8,Zech.9,Zech.10,Zech.11,Zech.12,Zech.13,Zech.14",14,211,zechariah_3016,120,58,
Mal,39,Malachi,Minor Prophets,Old Testament,Mal,mal,,,"Mal.1,Mal.2,Mal.3,Mal.4",4,55,malachi_1899,47,4,
Matt,40,Matthew,Gospels,New Testament,Mt,matt,50,,"Matt.1,Matt.2,Matt.3,Matt.4,Matt.5,Matt.6,Matt.7,Matt.8,Matt.9,Matt.10,Matt.11,Matt.12,Matt.13,Matt.14,Matt.15,Matt.16,Matt.17,Matt.18,Matt.19,Matt.20,Matt.21,Matt.22,Matt.23,Matt.24,Matt.25,Matt.26,Matt.27,Matt.28",28,1071,matthew_1971,431,69,
Mark,41,Mark,Gospels,New Testament,Mk,mark,67,,"Mark.1,Mark.2,Mark.3,Mark.4,Mark.5,Mark.6,Mark.7,Mark.8,Mark.9,Mark.10,Mark.11,Mark.12,Mark.13,Mark.14,Mark.15,Mark.16",16,678,mark_1679,245,46,
Luke,42,Luke,Gospels,New Testament,Lu,luke,57,,"Luke.1,Luke.2,Luke.3,Luke.4,Luke.5,Luke.6,Luke.7,Luke.8,Luke.9,Luke.10,Luke.11,Luke.12,Luke.13,Luke.14,Luke.15,Luke.16,Luke.17,Luke.18,Luke.19,Luke.20,Luke.21,Luke.22,Luke.23,Luke.24",24,1151,luke_1836,461,76,
John,43,John,Gospels,New Testament,Jn,john,,,"John.1,John.2,John.3,John.4,John.5,John.6,John.7,John.8,John.9,John.10,John.11,John.12,John.13,John.14,John.15,John.16,John.17,John.18,John.19,John.20,John.21",21,879,john_1677,514,62,
Acts,44,Acts,Acts,New Testament,Ac,acts,61,,"Acts.1,Acts.2,Acts.3,Acts.4,Acts.5,Acts.6,Acts.7,Acts.8,Acts.9,Acts.10,Acts.11,Acts.12,Acts.13,Acts.14,Acts.15,Acts.16,Acts.17,Acts.18,Acts.19,Acts.20,Acts.21,Acts.22,Acts.23,Acts.24,Acts.25,Acts.26,Acts.27,Acts.28",28,1007,luke_1836,592,244,
Rom,45,Romans,Pauline Epistles,New Testament,Ro,rom,57,greece_495,"Rom.1,Rom.2,Rom.3,Rom.4,Rom.5,Rom.6,Rom.7,Rom.8,Rom.9,Rom.10,Rom.11,Rom.12,Rom.13,Rom.14,Rom.15,Rom.16",16,433,paul_2479,238,13,
1Cor,46,1 Corinthians,Pauline Epistles,New Testament,1Co,1cor,56,ephesus_400,"1Cor.1,1Cor.2,1Cor.3,1Cor.4,1Cor.5,1Cor.6,1Cor.7,1Cor.8,1Cor.9,1Cor.10,1Cor.11,1Cor.12,1Cor.13,1Cor.14,1Cor.15,1Cor.16",16,437,paul_2479,192,8,
2Cor,47,2 Corinthians,Pauline Epistles,New Testament,2Co,2cor,56,macedonia_747,"2Cor.1,2Cor.2,2Cor.3,2Cor.4,2Cor.5,2Cor.6,2Cor.7,2Cor.8,2Cor.9,2Cor.10,2Cor.11,2Cor.12,2Cor.13",13,257,paul_2479,122,12,
Gal,48,Galatians,Pauline Epistles,New Testament,Ga,gal,49,antioch_68,"Gal.1,Gal.2,Gal.3,Gal.4,Gal.5,Gal.6",6,149,paul_2479,87,10,
Eph,49,Ephesians,Pauline Epistles,New Testament,Eph,eph,61,rome_1013,"Eph.1,Eph.2,Eph.3,Eph.4,Eph.5,Eph.6",6,155,paul_2479,88,1,
Phil,50,Philippians,Pauline Epistles,New Testament,Php,phil,61,rome_1013,"Phil.1,Phil.2,Phil.3,Phil.4",4,104,paul_2479,63,3,
Col,51,Colossians,Pauline Epistles,New Testament,Col,col,61,rome_1013,"Col.1,Col.2,Col.3,Col.4",4,95,paul_2479,51,5,
1Thess,52,1 Thessalonians,Pauline Epistles,New Testament,1Th,1thess,51,corinth_306,"1Thess.1,1Thess.2,1Thess.3,1Thess.4,1Thess.5",5,89,paul_2479,49,6,
2Thess,53,2 Thessalonians,Pauline Epistles,New Testament,2Th,2thess,51,corinth_306,"2Thess.1,2Thess.2,2Thess.3",3,47,paul_2479,29,0,
1Tim,54,1 Timothy,Pauline Epistles,New Testament,1Ti,1tim,63,,"1Tim.1,1Tim.2,1Tim.3,1Tim.4,1Tim.5,1Tim.6",6,113,paul_2479,38,1,
2Tim,55,2 Timothy,Pauline Epistles,New Testament,2Ti,2tim,66,rome_1013,"2Tim.1,2Tim.2,2Tim.3,2Tim.4",4,83,paul_2479,47,8,
Titus,56,Titus,Pauline Epistles,New Testament,Tit,titus,63,,"Titus.1,Titus.2,Titus.3",3,46,paul_2479,16,2,
Phlm,57,Philemon,Pauline Epistles,New Testament,Phm,phlm,61,rome_1013,Phlm.1,1,25,paul_2479,15,0,
Heb,58,Hebrews,Pauline Epistles,New Testament,Heb,heb,67,,"Heb.1,Heb.2,Heb.3,Heb.4,Heb.5,Heb.6,Heb.7,Heb.8,Heb.9,Heb.10,Heb.11,Heb.12,Heb.13",13,303,paul_2479,139,11,
Jas,59,James,General Epistles,New Testament,Jas,jas,45,,"Jas.1,Jas.2,Jas.3,Jas.4,Jas.5",5,108,james_719,29,0,
1Pet,60,1 Peter,General Epistles,New Testament,1Pe,1pet,64,,"1Pet.1,1Pet.2,1Pet.3,1Pet.4,1Pet.5",5,105,peter_2745,56,3,
2Pet,61,2 Peter,General Epistles,New Testament,2Pe,2pet,67,,"2Pet.1,2Pet.2,2Pet.3",3,61,peter_2745,24,1,
1John,62,1 John,General Epistles,New Testament,1Jn,1john,,,"1John.1,1John.2,1John.3,1John.4,1John.5",5,105,john_1677,61,0,
2John,63,2 John,General Epistles,New Testament,2Jn,2john,,,2John.1,1,13,john_1677,6,0,
3John,64,3 John,General Epistles,New Testament,3Jn,3john,,,3John.1,1,14,john_1677,4,0,
Jude,65,Jude,General Epistles,New Testament,Jud,jude,,,Jude.1,1,25,jude_1756,11,2,
Rev,66,Revelation,Revelation,New Testament,Re,rev,,,"Rev.1,Rev.2,Rev.3,Rev.4,Rev.5,Rev.6,Rev.7,Rev.8,Rev.9,Rev.10,Rev.11,Rev.12,Rev.13,Rev.14,Rev.15,Rev.16,Rev.17,Rev.18,Rev.19,Rev.20,Rev.21,Rev.22",22,404,john_1677,156,27,