BookWriterID,osisRef,book,chapterNum,writer
0,1Chr.1,1Chr,1,ezra_1245
1,1Chr.2,1Chr,2,ezra_1245
2,1Chr.3,1Chr,3,ezra_1245
3,1Chr.4,1Chr,4,ezra_1245
4,1Chr.5,1Chr,5,ezra_1245
5,1Chr.6,1Chr,6,ezra_1245
6,1Chr.7,1Chr,7,ezra_1245
7,1Chr.8,1Chr,8,ezra_1245
8,1Chr.9,1Chr,9,ezra_1245
9,1Chr.10,1Chr,10,ezra_1245
10,1Chr.11,1Chr,11,ezra_1245
11,1Chr.12,1Chr,12,ezra_1245
12,1Chr.13,1Chr,13,ezra_1245
13,1Chr.14,1Chr,14,ezra_1245
14,1Chr.15,1Chr,15,ezra_1245
15,1Chr.16,1Chr,16,ezra_1245
16,1Chr.17,1Chr,17,ezra_1245
17,1Chr.18,1Chr,18,ezra_1245
18,1Chr.19,1Chr,19,ezra_1245
19,1Chr.20,1Chr,20,ezra_1245
20,1Chr.21,1Chr,21,ezra_1245
21,1Chr.22,1Chr,22,ezra_1245
22,1Chr.23,1Chr,23,ezra_1245
23,1Chr.24,1Chr,24,ezra_1245
24,1Chr.25,1Chr,25,ezra_1245
25,1Chr.26,1Chr,26,ezra_1245
26,1Chr.27,1Chr,27,ezra_1245
27,1Chr.28,1Chr,28,ezra_1245
28,1Chr.29,1Chr,29,ezra_1245
29,1Cor.1,1Cor,1,paul_2479
30,1Cor.2,1Cor,2,paul_2479
31,1Cor.3,1Cor,3,paul_2479
32,1Cor.4,1Cor,4,paul_2479
33,1Cor.5,1Cor,5,paul_2479
34,1Cor.6,1Cor,6,paul_2479
35,1Cor.7,1Cor,7,paul_2479
36,1Cor.8,1Cor,8,paul_2479
37,1Cor.9,1Cor,9,paul_2479
38,1Cor.10,1Cor,10,paul_2479
39,1Cor.11,1Cor,11,paul_2479
40,1Cor.12,1Cor,12,paul_2479
41,1Cor.13,1Cor,13,paul_2479
42,1Cor.14,1Cor,14,paul_2479
43,1Cor.15,1Cor,15,paul_2479
44,1Cor.16,1Cor,16,paul_2479
45,1John.1,1John,1,john_1677
46,1John.2,1John,2,john_1677
47,1John.3,1John,3,john_1677
48,1John.4,1John,4,john_1677
49,1John.5,1John,5,john_1677
50,1Kgs.1,1Kgs,1,jeremiah_853
51,1Kgs.2,1Kgs,2,jeremiah_853
52,1Kgs.3,1Kgs,3,jeremiah_853
53,1Kgs.4,1Kgs,4,jeremiah_853
54,1Kgs.5,1Kgs,5,jeremiah_853
55,1Kgs.6,1Kgs,6,jeremiah_853
56,1Kgs.7,1Kgs,7,jeremiah_853
57,1Kgs.8,1Kgs,8,jeremiah_853
58,1Kgs.9,1Kgs,9,jeremiah_853
59,1Kgs.10,1Kgs,10,jeremiah_853
60,1Kgs.11,1Kgs,11,jeremiah_853
61,1Kgs.12,1Kgs,12,jeremiah_853
62,1Kgs.13,1Kgs,13,jeremiah_853
63,1Kgs.14,1Kgs,14,jeremiah_853
64,1Kgs.15,1Kgs,15,jeremiah_853
65,1Kgs.16,1Kgs,16,jeremiah_853
66,1Kgs.17,1Kgs,17,jeremiah_853
67,1Kgs.18,1Kgs,18,jeremiah_853
68,1Kgs.19,1Kgs,19,jeremiah_853
69,1Kgs.20,1Kgs,20,jeremiah_853
70,1Kgs.21,1Kgs,21,jeremiah_853
71,1Kgs.22,1Kgs,22,jeremiah_853
72,1Pet.1,1Pet,1,peter_2745
73,1Pet.2,1Pet,2,peter_2745
74,1Pet.3,1Pet,3,peter_2745
75,1Pet.4,1Pet,4,peter_2745
76,1Pet.5,1Pet,5,peter_2745
77,1Sam.1,1Sam,1,samuel_2469
78,1Sam.2,1Sam,2,samuel_2469
79,1Sam.3,1Sam,3,samuel_2469
80,1Sam.4,1Sam,4,samuel_2469
81,1Sam.5,1Sam,5,samuel_2469
82,1Sam.6,1Sam,6,samuel_2469
83,1Sam.7,1Sam,7,samuel_2469
84,1Sam.8,1Sam,8,samuel_2469
85,1Sam.9,1Sam,9,samuel_2469
86,1Sam.10,1Sam,10,samuel_2469
87,1Sam.11,1Sam,11,samuel_2469
88,1Sam.12,1Sam,12,samuel_2469
89,1Sam.13,1Sam,13,samuel_2469
90,1Sam.14,1Sam,14,samuel_2469
91,1Sam.15,1Sam,15,samuel_2469
92,1Sam.16,1Sam,16,samuel_2469
93,1Sam.17,1Sam,17,samuel_2469
94,1Sam.18,1Sam,18,samuel_2469
95,1Sam.19,1Sam,19,samuel_2469
96,1Sam.20,1Sam,20,samuel_2469
97,1Sam.21,1Sam,21,samuel_2469
98,1Sam.22,1Sam,22,samuel_2469
99,1Sam.23,1Sam,23,samuel_2469
100,1Sam.24,1Sam,24,samuel_2469
101,1Sam.25,1Sam,25,samuel_2469
102,1Sam.26,1Sam,26,samuel_2469
103,1Sam.26,1Sam,26,gad_1263
104,1Sam.26,1Sam,26,nathan_2153
105,1Sam.27,1Sam,27,samuel_2469
106,1Sam.27,1Sam,27,gad_1263
107,1Sam.27,1Sam,27,nathan_2153
108,1Sam.28,1Sam,28,samuel_2469
109,1Sam.28,1Sam,28,gad_1263
110,1Sam.28,1Sam,28,nathan_2153
111,1Sam.29,1Sam,29,samuel_2469
112,1Sam.29,1Sam,29,gad_1263
113,1Sam.29,1Sam,29,nathan_2153
114,1Sam.30,1Sam,30,samuel_2469
115,1Sam.30,1Sam,30,gad_1263
116,1Sam.30,1Sam,30,nathan_2153
117,1Sam.31,1Sam,31,samuel_2469
118,1Sam.31,1Sam,31,gad_1263
119,1Sam.31,1Sam,31,nathan_2153
120,1Thess.1,1Thess,1,paul_2479
121,1Thess.2,1Thess,2,paul_2479
122,1Thess.3,1Thess,3,paul_2479
123,1Thess.4,1Thess,4,paul_2479
124,1Thess.5,1Thess,5,paul_2479
125,1Tim.1,1Tim,1,paul_2479
126,1Tim.2,1Tim,2,paul_2479
127,1Tim.3,1Tim,3,paul_2479
128,1Tim.4,1Tim,4,paul_2479
129,1Tim.5,1Tim,5,paul_2479
130,1Tim.6,1Tim,6,paul_2479
131,2Chr.1,2Chr,1,ezra_1245
132,2Chr.2,2Chr,2,ezra_1245
133,2Chr.3,2Chr,3,ezra_1245
134,2Chr.4,2Chr,4,ezra_1245
135,2Chr.5,2Chr,5,ezra_1245
136,2Chr.6,2Chr,6,ezra_1245
137,2Chr.7,2Chr,7,ezra_1245
138,2Chr.8,2Chr,8,ezra_1245
139,2Chr.9,2Chr,9,ezra_1245
140,2Chr.10,2Chr,10,ezra_1245
141,2Chr.11,2Chr,11,ezra_1245
142,2Chr.12,2Chr,12,ezra_1245
143,2Chr.13,2Chr,13,ezra_1245
144,2Chr.14,2Chr,14,ezra_1245
145,2Chr.15,2Chr,15,ezra_1245
146,2Chr.16,2Chr,16,ezra_1245
147,2Chr.17,2Chr,17,ezra_1245
148,2Chr.18,2Chr,18,ezra_1245
149,2Chr.19,2Chr,19,ezra_1245
150,2Chr.20,2Chr,20,ezra_1245
151,2Chr.21,2Chr,21,ezra_1245
152,2Chr.22,2Chr,22,ezra_1245
153,2Chr.23,2Chr,23,ezra_1245
154,2Chr.24,2Chr,24,ezra_1245
155,2Chr.25,2Chr,25,ezra_1245
156,2Chr.26,2Chr,26,ezra_1245
157,2Chr.27,2Chr,27,ezra_1245
158,2Chr.28,2Chr,28,ezra_1245
159,2Chr.29,2Chr,29,ezra_1245
160,2Chr.30,2Chr,30,ezra_1245
161,2Chr.31,2Chr,31,ezra_1245
162,2Chr.32,2Chr,32,ezra_1245
163,2Chr.33,2Chr,33,ezra_1245
164,2Chr.34,2Chr,34,ezra_1245
165,2Chr.35,2Chr,35,ezra_1245
166,2Chr.36,2Chr,36,ezra_1245
167,2Cor.1,2Cor,1,paul_2479
168,2Cor.2,2Cor,2,paul_2479
169,2Cor.3,2Cor,3,paul_2479
170,2Cor.4,2Cor,4,paul_2479
171,2Cor.5,2Cor,5,paul_2479
172,2Cor.6,2Cor,6,paul_2479
173,2Cor.7,2Cor,7,paul_2479
174,2Cor.8,2Cor,8,paul_2479
175,2Cor.9,2Cor,9,paul_2479
176,2Cor.10,2Cor,10,paul_2479
177,2Cor.11,2Cor,11,paul_2479
178,2Cor.12,2Cor,12,paul_2479
179,2Cor.13,2Cor,13,paul_2479
180,2John.1,2John,1,john_1677
181,2Kgs.1,2Kgs,1,jeremiah_853
182,2Kgs.2,2Kgs,2,jeremiah_853
183,2Kgs.3,2Kgs,3,jeremiah_853
184,2Kgs.4,2Kgs,4,jeremiah_853
185,2Kgs.5,2Kgs,5,jeremiah_853
186,2Kgs.6,2Kgs,6,jeremiah_853
187,2Kgs.7,2Kgs,7,jeremiah_853
188,2Kgs.8,2Kgs,8,jeremiah_853
189,2Kgs.9,2Kgs,9,jeremiah_853
190,2Kgs.10,2Kgs,10,jeremiah_853
191,2Kgs.11,2Kgs,11,jeremiah_853
192,2Kgs.12,2Kgs,12,jeremiah_853
193,2Kgs.13,2Kgs,13,jeremiah_853
194,2Kgs.14,2Kgs,14,jeremiah_853
195,2Kgs.15,2Kgs,15,jeremiah_853
196,2Kgs.16,2Kgs,16,jeremiah_853
197,2Kgs.17,2Kgs,17,jeremiah_853
198,2Kgs.18,2Kgs,18,jeremiah_853
199,2Kgs.19,2Kgs,19,jeremiah_853
200,2Kgs.20,2Kgs,20,jeremiah_853
201,2Kgs.21,2Kgs,21,jeremiah_853
202,2Kgs.22,2Kgs,22,jeremiah_853
203,2Kgs.23,2Kgs,23,jeremiah_853
204,2Kgs.24,2Kgs,24,jeremiah_853
205,2Kgs.25,2Kgs,25,jeremiah_853
206,2Pet.1,2Pet,1,peter_2745
207,2Pet.2,2Pet,2,peter_2745
208,2Pet.3,2Pet,3,peter_2745
209,2Sam.1,2Sam,1,samuel_2469
210,2Sam.1,2Sam,1,gad_1263
211,2Sam.1,2Sam,1,nathan_2153
212,2Sam.2,2Sam,2,samuel_2469
213,2Sam.2,2Sam,2,gad_1263
214,2Sam.2,2Sam,2,nathan_2153
215,2Sam.3,2Sam,3,samuel_2469
216,2Sam.3,2Sam,3,gad_1263
217,2Sam.3,2Sam,3,nathan_2153
218,2Sam.4,2Sam,4,samuel_2469
219,2Sam.4,2Sam,4,gad_1263
220,2Sam.4,2Sam,4,nathan_2153
221,2Sam.5,2Sam,5,samuel_2469
222,2Sam.5,2Sam,5,gad_1263
223,2Sam.5,2Sam,5,nathan_2153
224,2Sam.6,2Sam,6,samuel_2469
225,2Sam.6,2Sam,6,gad_1263
226,2Sam.6,2Sam,6,nathan_2153
227,2Sam.7,2Sam,7,samuel_2469
228,2Sam.7,2Sam,7,gad_1263
229,2Sam.7,2Sam,7,nathan_2153
230,2Sam.8,2Sam,8,samuel_2469
231,2Sam.8,2Sam,8,gad_1263
232,2Sam.8,2Sam,8,nathan_2153
233,2Sam.9,2Sam,9,samuel_2469
234,2Sam.9,2Sam,9,gad_1263
235,2Sam.9,2Sam,9,nathan_2153
236,2Sam.10,2Sam,10,samuel_2469
237,2Sam.10,2Sam,10,gad_1263
238,2Sam.10,2Sam,10,nathan_2153
239,2Sam.11,2Sam,11,samuel_2469
240,2Sam.11,2Sam,11,gad_1263
241,2Sam.11,2Sam,11,nathan_2153
242,2Sam.12,2Sam,12,samuel_2469
243,2Sam.12,2Sam,12,gad_1263
244,2Sam.12,2Sam,12,nathan_2153
245,2Sam.13,2Sam,13,samuel_2469
246,2Sam.13,2Sam,13,gad_1263
247,2Sam.13,2Sam,13,nathan_2153
248,2Sam.14,2Sam,14,samuel_2469
249,2Sam.14,2Sam,14,gad_1263
250,2Sam.14,2Sam,14,nathan_2153
251,2Sam.15,2Sam,15,samuel_2469
252,2Sam.15,2Sam,15,gad_1263
253,2Sam.15,2Sam,15,nathan_2153
254,2Sam.16,2Sam,16,samuel_2469
255,2Sam.16,2Sam,16,gad_1263
256,2Sam.16,2Sam,16,nathan_2153
257,2Sam.17,2Sam,17,samuel_2469
258,2Sam.17,2Sam,17,gad_1263
259,2Sam.17,2Sam,17,nathan_2153
260,2Sam.18,2Sam,18,samuel_2469
261,2Sam.18,2Sam,18,gad_1263
262,2Sam.18,2Sam,18,nathan_2153
263,2Sam.19,2Sam,19,samuel_2469
264,2Sam.19,2Sam,19,gad_1263
265,2Sam.19,2Sam,19,nathan_2153
266,2Sam.20,2Sam,20,samuel_2469
267,2Sam.20,2Sam,20,gad_1263
268,2Sam.20,2Sam,20,nathan_2153
269,2Sam.21,2Sam,21,samuel_2469
270,2Sam.21,2Sam,21,gad_1263
271,2Sam.21,2Sam,21,nathan_2153
272,2Sam.22,2Sam,22,samuel_2469
273,2Sam.22,2Sam,22,gad_1263
274,2Sam.22,2Sam,22,nathan_2153
275,2Sam.23,2Sam,23,samuel_2469
276,2Sam.23,2Sam,23,gad_1263
277,2Sam.23,2Sam,23,nathan_2153
278,2Sam.24,2Sam,24,samuel_2469
279,2Sam.24,2Sam,24,gad_1263
280,2Sam.24,2Sam,24,nathan_2153
281,2Thess.1,2Thess,1,paul_2479
282,2Thess.2,2Thess,2,paul_2479
283,2Thess.3,2Thess,3,paul_2479
284,2Tim.1,2Tim,1,paul_2479
285,2Tim.2,2Tim,2,paul_2479
286,2Tim.3,2Tim,3,paul_2479
287,2Tim.4,2Tim,4,paul_2479
288,3John.1,3John,1,john_1677
289,Acts.1,Acts,1,luke_1836
290,Acts.2,Acts,2,luke_1836
291,Acts.3,Acts,3,luke_1836
292,Acts.4,Acts,4,luke_1836
293,Acts.5,Acts,5,luke_1836
294,Acts.6,Acts,6,luke_1836
295,Acts.7,Acts,7,luke_1836
296,Acts.8,Acts,8,luke_1836
297,Acts.9,Acts,9,luke_1836
298,Acts.10,Acts,10,luke_1836
299,Acts.11,Acts,11,luke_1836
300,Acts.12,Acts,12,luke_1836
301,Acts.13,Acts,13,luke_1836
302,Acts.14,Acts,14,luke_1836
303,Acts.15,Acts,15,luke_1836
304,Acts.16,Acts,16,luke_1836
305,Acts.17,Acts,17,luke_1836
306,Acts.18,Acts,18,luke_1836
307,Acts.19,Acts,19,luke_1836
308,Acts.20,Acts,20,luke_1836
309,Acts.21,Acts,21,luke_1836
310,Acts.22,Acts,22,luke_1836
311,Acts.23,Acts,23,luke_1836
312,Acts.24,Acts,24,luke_1836
313,Acts.25,Acts,25,luke_1836
314,Acts.26,Acts,26,luke_1836
315,Acts.27,Acts,27,luke_1836
316,Acts.28,Acts,28,luke_1836
317,Amos.1,Amos,1,amos_238
318,Amos.2,Amos,2,amos_238
319,Amos.3,Amos,3,amos_238
320,Amos.4,Amos,4,amos_238
321,Amos.5,Amos,5,amos_238
322,Amos.6,Amos,6,amos_238
323,Amos.7,Amos,7,amos_238
324,Amos.8,Amos,8,amos_238
325,Amos.9,Amos,9,amos_238
326,Col.1,Col,1,paul_2479
327,Col.2,Col,2,paul_2479
328,Col.3,Col,3,paul_2479
329,Col.4,Col,4,paul_2479
330,Dan.1,Dan,1,daniel_975
331,Dan.2,Dan,2,daniel_975
332,Dan.3,Dan,3,daniel_975
333,Dan.4,Dan,4,daniel_975
334,Dan.5,Dan,5,daniel_975
335,Dan.6,Dan,6,daniel_975
336,Dan.7,Dan,7,daniel_975
337,Dan.8,Dan,8,daniel_975
338,Dan.9,Dan,9,daniel_975
339,Dan.10,Dan,10,daniel_975
340,Dan.11,Dan,11,daniel_975
341,Dan.12,Dan,12,daniel_975
342,Deut.1,Deut,1,moses_2108
343,Deut.2,Deut,2,moses_2108
344,Deut.3,Deut,3,moses_2108
345,Deut.4,Deut,4,moses_2108
346,Deut.5,Deut,5,moses_2108
347,Deut.6,Deut,6,moses_2108
348,Deut.7,Deut,7,moses_2108
349,Deut.8,Deut,8,moses_2108
350,Deut.9,Deut,9,moses_2108
351,Deut.10,Deut,10,moses_2108
352,Deut.11,Deut,11,moses_2108
353,Deut.12,Deut,12,moses_2108
354,Deut.13,Deut,13,moses_2108
355,Deut.14,Deut,14,moses_2108
356,Deut.15,Deut,15,moses_2108
357,Deut.16,Deut,16,moses_2108
358,Deut.17,Deut,17,moses_2108
359,Deut.18,Deut,18,moses_2108
360,Deut.19,Deut,19,moses_2108
361,Deut.20,Deut,20,moses_2108
362,Deut.21,Deut,21,moses_2108
363,Deut.22,Deut,22,moses_2108
364,Deut.23,Deut,23,moses_2108
365,Deut.24,Deut,24,moses_2108
366,Deut.25,Deut,25,moses_2108
367,Deut.26,Deut,26,moses_2108
368,Deut.27,Deut,27,moses_2108
369,Deut.28,Deut,28,moses_2108
370,Deut.29,Deut,29,moses_2108
371,Deut.30,Deut,30,moses_2108
372,Deut.31,Deut,31,moses_2108
373,Deut.32,Deut,32,moses_2108
374,Deut.33,Deut,33,moses_2108
375,Deut.34,Deut,34,moses_2108
376,Eccl.1,Eccl,1,solomon_2762
377,Eccl.2,Eccl,2,solomon_2762
378,Eccl.3,Eccl,3,solomon_2762
379,Eccl.4,Eccl,4,solomon_2762
380,Eccl.5,Eccl,5,solomon_2762
381,Eccl.6,Eccl,6,solomon_2762
382,Eccl.7,Eccl,7,solomon_2762
383,Eccl.8,Eccl,8,solomon_2762
384,Eccl.9,Eccl,9,solomon_2762
385,Eccl.10,Eccl,10,solomon_2762
386,Eccl.11,Eccl,11,solomon_2762
387,Eccl.12,Eccl,12,solomon_2762
388,Eph.1,Eph,1,paul_2479
389,Eph.2,Eph,2,paul_2479
390,Eph.3,Eph,3,paul_2479
391,Eph.4,Eph,4,paul_2479
392,Eph.5,Eph,5,paul_2479
393,Eph.6,Eph,6,paul_2479
394,Esth.1,Esth,1,mordecai_2107
395,Esth.2,Esth,2,mordecai_2107
396,Esth.3,Esth,3,mordecai_2107
397,Esth.4,Esth,4,mordecai_2107
398,Esth.5,Esth,5,mordecai_2107
399,Esth.6,Esth,6,mordecai_2107
400,Esth.7,Esth,7,mordecai_2107
401,Esth.8,Esth,8,mordecai_2107
402,Esth.9,Esth,9,mordecai_2107
403,Esth.10,Esth,10,mordecai_2107
404,Exod.1,Exod,1,moses_2108
405,Exod.2,Exod,2,moses_2108
406,Exod.3,Exod,3,moses_2108
407,Exod.4,Exod,4,moses_2108
408,Exod.5,Exod,5,moses_2108
409,Exod.6,Exod,6,moses_2108
410,Exod.7,Exod,7,moses_2108
411,Exod.8,Exod,8,moses_2108
412,Exod.9,Exod,9,moses_2108
413,Exod.10,Exod,10,moses_2108
414,Exod.11,Exod,11,moses_2108
415,Exod.12,Exod,12,moses_2108
416,Exod.13,Exod,13,moses_2108
417,Exod.14,Exod,14,moses_2108
418,Exod.15,Exod,15,moses_2108
419,Exod.16,Exod,16,moses_2108
420,Exod.17,Exod,17,moses_2108
421,Exod.18,Exod,18,moses_2108
422,Exod.19,Exod,19,moses_2108
423,Exod.20,Exod,20,moses_2108
424,Exod.21,Exod,21,moses_2108
425,Exod.22,Exod,22,moses_2108
426,Exod.23,Exod,23,moses_2108
427,Exod.24,Exod,24,moses_2108
428,Exod.25,Exod,25,moses_2108
429,Exod.26,Exod,26,moses_2108
430,Exod.27,Exod,27,moses_2108
431,Exod.28,Exod,28,moses_2108
432,Exod.29,Exod,29,moses_2108
433,Exod.30,Exod,30,moses_2108
434,Exod.31,Exod,31,moses_2108
435,Exod.32,Exod,32,moses_2108
436,Exod.33,Exod,33,moses_2108
437,Exod.34,Exod,34,moses_2108
438,Exod.35,Exod,35,moses_2108
439,Exod.36,Exod,36,moses_2108
440,Exod.37,Exod,37,moses_2108
441,Exod.38,Exod,38,moses_2108
442,Exod.39,Exod,39,moses_2108
443,Exod.40,Exod,40,moses_2108
444,Ezek.1,Ezek,1,ezekiel_1237
445,Ezek.2,Ezek,2,ezekiel_1237
446,Ezek.3,Ezek,3,ezekiel_1237
447,Ezek.4,Ezek,4,ezekiel_1237
448,Ezek.5,Ezek,5,ezekiel_1237
449,Ezek.6,Ezek,6,ezekiel_1237
450,Ezek.7,Ezek,7,ezekiel_1237
451,Ezek.8,Ezek,8,ezekiel_1237
452,Ezek.9,Ezek,9,ezekiel_1237
453,Ezek.10,Ezek,10,ezekiel_1237
454,Ezek.11,Ezek,11,ezekiel_1237
455,Ezek.12,Ezek,12,ezekiel_1237
456,Ezek.13,Ezek,13,ezekiel_1237
457,Ezek.14,Ezek,14,ezekiel_1237
458,Ezek.15,Ezek,15,ezekiel_1237
459,Ezek.16,Ezek,16,ezekiel_1237
460,Ezek.17,Ezek,17,ezekiel_1237
461,Ezek.18,Ezek,18,ezekiel_1237
462,Ezek.19,Ezek,19,ezekiel_1237
463,Ezek.20,Ezek,20,ezekiel_1237
464,Ezek.21,Ezek,21,ezekiel_1237
465,Ezek.22,Ezek,22,ezekiel_1237
466,Ezek.23,Ezek,23,ezekiel_1237
467,Ezek.24,Ezek,24,ezekiel_1237
468,Ezek.25,Ezek,25,ezekiel_1237
469,Ezek.26,Ezek,26,ezekiel_1237
470,Ezek.27,Ezek,27,ezekiel_1237
471,Ezek.28,Ezek,28,ezekiel_1237
472,Ezek.29,Ezek,29,ezekiel_1237
473,Ezek.30,Ezek,30,ezekiel_1237
474,Ezek.31,Ezek,31,ezekiel_1237
475,Ezek.32,Ezek,32,ezekiel_1237
476,Ezek.33,Ezek,33,ezekiel_1237
477,Ezek.34,Ezek,34,ezekiel_1237
478,Ezek.35,Ezek,35,ezekiel_1237
479,Ezek.36,Ezek,36,ezekiel_1237
480,Ezek.37,Ezek,37,ezekiel_1237
481,Ezek.38,Ezek,38,ezekiel_1237
482,Ezek.39,Ezek,39,ezekiel_1237
483,Ezek.40,Ezek,40,ezekiel_1237
484,Ezek.41,Ezek,41,ezekiel_1237
485,Ezek.42,Ezek,42,ezekiel_1237
486,Ezek.43,Ezek,43,ezekiel_1237
487,Ezek.44,Ezek,44,ezekiel_1237
488,Ezek.45,Ezek,45,ezekiel_1237
489,Ezek.46,Ezek,46,ezekiel_1237
490,Ezek.47,Ezek,47,ezekiel_1237
491,Ezek.48,Ezek,48,ezekiel_1237
492,Ezra.1,Ezra,1,ezra_1245
493,Ezra.2,Ezra,2,ezra_1245
494,Ezra.3,Ezra,3,ezra_1245
495,Ezra.4,Ezra,4,ezra_1245
496,Ezra.5,Ezra,5,ezra_1245
497,Ezra.6,Ezra,6,ezra_1245
498,Ezra.7,Ezra,7,ezra_1245
499,Ezra.8,Ezra,8,ezra_1245
500,Ezra.9,Ezra,9,ezra_1245
501,Ezra.10,Ezra,10,ezra_1245
502,Gal.1,Gal,1,paul_2479
503,Gal.2,Gal,2,paul_2479
504,Gal.3,Gal,3,paul_2479
505,Gal.4,Gal,4,paul_2479
506,Gal.5,Gal,5,paul_2479
507,Gal.6,Gal,6,paul_2479
508,Gen.1,Gen,1,moses_2108
509,Gen.2,Gen,2,moses_2108
510,Gen.3,Gen,3,moses_2108
511,Gen.4,Gen,4,moses_2108
512,Gen.5,Gen,5,moses_2108
513,Gen.6,Gen,6,moses_2108
514,Gen.7,Gen,7,moses_2108
515,Gen.8,Gen,8,moses_2108
516,Gen.9,Gen,9,moses_2108
517,Gen.10,Gen,10,moses_2108
518,Gen.11,Gen,11,moses_2108
519,Gen.12,Gen,12,moses_2108
520,Gen.13,Gen,13,moses_2108
521,Gen.14,Gen,14,moses_2108
522,Gen.15,Gen,15,moses_2108
523,Gen.16,Gen,16,moses_2108
524,Gen.17,Gen,17,moses_2108
525,Gen.18,Gen,18,moses_2108
526,Gen.19,Gen,19,moses_2108
527,Gen.20,Gen,20,moses_2108
528,Gen.21,Gen,21,moses_2108
529,Gen.22,Gen,22,moses_2108
530,Gen.23,Gen,23,moses_2108
531,Gen.24,Gen,24,moses_2108
532,Gen.25,Gen,25,moses_2108
533,Gen.26,Gen,26,moses_2108
534,Gen.27,Gen,27,moses_2108
535,Gen.28,Gen,28,moses_2108
536,Gen.29,Gen,29,moses_2108
537,Gen.30,Gen,30,moses_2108
538,Gen.31,Gen,31,moses_2108
539,Gen.32,Gen,32,moses_2108
540,Gen.33,Gen,33,moses_2108
541,Gen.34,Gen,34,moses_2108
542,Gen.35,Gen,35,moses_2108
543,Gen.36,Gen,36,moses_2108
544,Gen.37,Gen,37,moses_2108
545,Gen.38,Gen,38,moses_2108
546,Gen.39,Gen,39,moses_2108
547,Gen.40,Gen,40,moses_2108
548,Gen.41,Gen,41,moses_2108
549,Gen.42,Gen,42,moses_2108
550,Gen.43,Gen,43,moses_2108
551,Gen.44,Gen,44,moses_2108
552,Gen.45,Gen,45,moses_2108
553,Gen.46,Gen,46,moses_2108
554,Gen.47,Gen,47,moses_2108
555,Gen.48,Gen,48,moses_2108
556,Gen.49,Gen,49,moses_2108
557,Gen.50,Gen,50,moses_2108
558,Hab.1,Hab,1,habakkuk_1334
559,Hab.2,Hab,2,habakkuk_1334
560,Hab.3,Hab,3,habakkuk_1334
561,Hag.1,Hag,1,haggai_1349
562,Hag.2,Hag,2,haggai_1349
563,Heb.1,Heb,1,paul_2479
564,Heb.2,Heb,2,paul_2479
565,Heb.3,Heb,3,paul_2479
566,Heb.4,Heb,4,paul_2479
567,Heb.5,Heb,5,paul_2479
568,Heb.6,Heb,6,paul_2479
569,Heb.7,Heb,7,paul_2479
570,Heb.8,Heb,8,paul_2479
571,Heb.9,Heb,9,paul_2479
572,Heb.10,Heb,10,paul_2479
573,Heb.11,Heb,11,paul_2479
574,Heb.12,Heb,12,paul_2479
575,Heb.13,Heb,13,paul_2479
576,Hos.1,Hos,1,hosea_1555
577,Hos.2,Hos,2,hosea_1555
578,Hos.3,Hos,3,hosea_1555
579,Hos.4,Hos,4,hosea_1555
580,Hos.5,Hos,5,hosea_1555
581,Hos.6,Hos,6,hosea_1555
582,Hos.7,Hos,7,hosea_1555
583,Hos.8,Hos,8,hosea_1555
584,Hos.9,Hos,9,hosea_1555
585,Hos.10,Hos,10,hosea_1555
586,Hos.11,Hos,11,hosea_1555
587,Hos.12,Hos,12,hosea_1555
588,Hos.13,Hos,13,hosea_1555
589,Hos.14,Hos,14,hosea_1555
590,Isa.1,Isa,1,isaiah_617
591,Isa.2,Isa,2,isaiah_617
592,Isa.3,Isa,3,isaiah_617
593,Isa.4,Isa,4,isaiah_617
594,Isa.5,Isa,5,isaiah_617
595,Isa.6,Isa,6,isaiah_617
596,Isa.7,Isa,7,isaiah_617
597,Isa.8,Isa,8,isaiah_617
598,Isa.9,Isa,9,isaiah_617
599,Isa.10,Isa,10,isaiah_617
600,Isa.11,Isa,11,isaiah_617
601,Isa.12,Isa,12,isaiah_617
602,Isa.13,Isa,13,isaiah_617
603,Isa.14,Isa,14,isaiah_617
604,Isa.15,Isa,15,isaiah_617
605,Isa.16,Isa,16,isaiah_617
606,Isa.17,Isa,17,isaiah_617
607,Isa.18,Isa,18,isaiah_617
608,Isa.19,Isa,19,isaiah_617
609,Isa.20,Isa,20,isaiah_617
610,Isa.21,Isa,21,isaiah_617
611,Isa.22,Isa,22,isaiah_617
612,Isa.23,Isa,23,isaiah_617
613,Isa.24,Isa,24,isaiah_617
614,Isa.25,Isa,25,isaiah_617
615,Isa.26,Isa,26,isaiah_617
616,Isa.27,Isa,27,isaiah_617
617,Isa.28,Isa,28,isaiah_617
618,Isa.29,Isa,29,isaiah_617
619,Isa.30,Isa,30,isaiah_617
620,Isa.31,Isa,31,isaiah_617
621,Isa.32,Isa,32,isaiah_617
622,Isa.33,Isa,33,isaiah_617
623,Isa.34,Isa,34,isaiah_617
624,Isa.35,Isa,35,isaiah_617
625,Isa.36,Isa,36,isaiah_617
626,Isa.37,Isa,37,isaiah_617
627,Isa.38,Isa,38,isaiah_617
628,Isa.39,Isa,39,isaiah_617
629,Isa.40,Isa,40,isaiah_617
630,Isa.41,Isa,41,isaiah_617
631,Isa.42,Isa,42,isaiah_617
632,Isa.43,Isa,43,isaiah_617
633,Isa.44,Isa,44,isaiah_617
634,Isa.45,Isa,45,isaiah_617
635,Isa.46,Isa,46,isaiah_617
636,Isa.47,Isa,47,isaiah_617
637,Isa.48,Isa,48,isaiah_617
638,Isa.49,Isa,49,isaiah_617
639,Isa.50,Isa,50,isaiah_617
640,Isa.51,Isa,51,isaiah_617
641,Isa.52,Isa,52,isaiah_617
642,Isa.53,Isa,53,isaiah_617
643,Isa.54,Isa,54,isaiah_617
644,Isa.55,Isa,55,isaiah_617
645,Isa.56,Isa,56,isaiah_617
646,Isa.57,Isa,57,isaiah_617
647,Isa.58,Isa,58,isaiah_617
648,Isa.59,Isa,59,isaiah_617
649,Isa.60,Isa,60,isaiah_617
650,Isa.61,Isa,61,isaiah_617
651,Isa.62,Isa,62,isaiah_617
652,Isa.63,Isa,63,isaiah_617
653,Isa.64,Isa,64,isaiah_617
654,Isa.65,Isa,65,isaiah_617
655,Isa.66,Isa,66,isaiah_617
656,Jas.1,Jas,1,james_719
657,Jas.2,Jas,2,james_719
658,Jas.3,Jas,3,james_719
659,Jas.4,Jas,4,james_719
660,Jas.5,Jas,5,james_719
661,Jer.1,Jer,1,jeremiah_853
662,Jer.2,Jer,2,jeremiah_853
663,Jer.3,Jer,3,jeremiah_853
664,Jer.4,Jer,4,jeremiah_853
665,Jer.5,Jer,5,jeremiah_853
666,Jer.6,Jer,6,jeremiah_853
667,Jer.7,Jer,7,jeremiah_853
668,Jer.8,Jer,8,jeremiah_853
669,Jer.9,Jer,9,jeremiah_853
670,Jer.10,Jer,10,jeremiah_853
671,Jer.11,Jer,11,jeremiah_853
672,Jer.12,Jer,12,jeremiah_853
673,Jer.13,Jer,13,jeremiah_853
674,Jer.14,Jer,14,jeremiah_853
675,Jer.15,Jer,15,jeremiah_853
676,Jer.16,Jer,16,jeremiah_853
677,Jer.17,Jer,17,jeremiah_853
678,Jer.18,Jer,18,jeremiah_853
679,Jer.19,Jer,19,jeremiah_853
680,Jer.20,Jer,20,jeremiah_853
681,Jer.21,Jer,21,jeremiah_853
682,Jer.22,Jer,22,jeremiah_853
683,Jer.23,Jer,23,jeremiah_853
684,Jer.24,Jer,24,jeremiah_853
685,Jer.25,Jer,25,jeremiah_853
686,Jer.26,Jer,26,jeremiah_853
687,Jer.27,Jer,27,jeremiah_853
688,Jer.28,Jer,28,jeremiah_853
689,Jer.29,Jer,29,jeremiah_853
690,Jer.30,Jer,30,jeremiah_853
691,Jer.31,Jer,31,jeremiah_853
692,Jer.32,Jer,32,jeremiah_853
693,Jer.33,Jer,33,jeremiah_853
694,Jer.34,Jer,34,jeremiah_853
695,Jer.35,Jer,35,jeremiah_853
696,Jer.36,Jer,36,jeremiah_853
697,Jer.37,Jer,37,jeremiah_853
698,Jer.38,Jer,38,jeremiah_853
699,Jer.39,Jer,39,jeremiah_853
700,Jer.40,Jer,40,jeremiah_853
701,Jer.41,Jer,41,jeremiah_853
702,Jer.42,Jer,42,jeremiah_853
703,Jer.43,Jer,43,jeremiah_853
704,Jer.44,Jer,44,jeremiah_853
705,Jer.45,Jer,45,jeremiah_853
706,Jer.46,Jer,46,jeremiah_853
707,Jer.47,Jer,47,jeremiah_853
708,Jer.48,Jer,48,jeremiah_853
709,Jer.49,Jer,49,jeremiah_853
710,Jer.50,Jer,50,jeremiah_853
711,Jer.51,Jer,51,jeremiah_853
712,Jer.52,Jer,52,jeremiah_853
713,Job.1,Job,1,moses_2108
714,Job.2,Job,2,moses_2108
715,Job.3,Job,3,moses_2108
716,Job.4,Job,4,moses_2108
717,Job.5,Job,5,moses_2108
718,Job.6,Job,6,moses_2108
719,Job.7,Job,7,moses_2108
720,Job.8,Job,8,moses_2108
721,Job.9,Job,9,moses_2108
722,Job.10,Job,10,moses_2108
723,Job.11,Job,11,moses_2108
724,Job.12,Job,12,moses_2108
725,Job.13,Job,13,moses_2108
726,Job.14,Job,14,moses_2108
727,Job.15,Job,15,moses_2108
728,Job.16,Job,16,moses_2108
729,Job.17,Job,17,moses_2108
730,Job.18,Job,18,moses_2108
731,Job.19,Job,19,moses_2108
732,Job.20,Job,20,moses_2108
733,Job.21,Job,21,moses_2108
734,Job.22,Job,22,moses_2108
735,Job.23,Job,23,moses_2108
736,Job.24,Job,24,moses_2108
737,Job.25,Job,25,moses_2108
738,Job.26,Job,26,moses_2108
739,Job.27,Job,27,moses_2108
740,Job.28,Job,28,moses_2108
741,Job.29,Job,29,moses_2108
742,Job.30,Job,30,moses_2108
743,Job.31,Job,31,moses_2108
744,Job.32,Job,32,moses_2108
745,Job.33,Job,33,moses_2108
746,Job.34,Job,34,moses_2108
747,Job.35,Job,35,moses_2108
748,Job.36,Job,36,moses_2108
749,Job.37,Job,37,moses_2108
750,Job.38,Job,38,moses_2108
751,Job.39,Job,39,moses_2108
752,Job.40,Job,40,moses_2108
753,Job.41,Job,41,moses_2108
754,Job.42,Job,42,moses_2108
755,Joel.1,Joel,1,joel_1660
756,Joel.2,Joel,2,joel_1660
757,Joel.3,Joel,3,joel_1660
758,John.1,John,1,john_1677
759,John.2,John,2,john_1677
760,John.3,John,3,john_1677
761,John.4,John,4,john_1677
762,John.5,John,5,john_1677
763,John.6,John,6,john_1677
764,John.7,John,7,john_1677
765,John.8,John,8,john_1677
766,John.9,John,9,john_1677
767,John.10,John,10,john_1677
768,John.11,John,11,john_1677
769,John.12,John,12,john_1677
770,John.13,John,13,john_1677
771,John.14,John,14,john_1677
772,John.15,John,15,john_1677
773,John.16,John,16,john_1677
774,John.17,John,17,john_1677
775,John.18,John,18,john_1677
776,John.19,John,19,john_1677
777,John.20,John,20,john_1677
778,John.21,John,21,john_1677
779,Jonah.1,Jonah,1,jonah_1689
780,Jonah.2,Jonah,2,jonah_1689
781,Jonah.3,Jonah,3,jonah_1689
782,Jonah.4,Jonah,4,jonah_1689
783,Josh.1,Josh,1,joshua_1727
784,Josh.2,Josh,2,joshua_1727
785,Josh.3,Josh,3,joshua_1727
786,Josh.4,Josh,4,joshua_1727
787,Josh.5,Josh,5,joshua_1727
788,Josh.6,Josh,6,joshua_1727
789,Josh.7,Josh,7,joshua_1727
790,Josh.8,Josh,8,joshua_1727
791,Josh.9,Josh,9,joshua_1727
792,Josh.10,Josh,10,joshua_1727
793,Josh.11,Josh,11,joshua_1727
794,Josh.12,Josh,12,joshua_1727
795,Josh.13,Josh,13,joshua_1727
796,Josh.14,Josh,14,joshua_1727
797,Josh.15,Josh,15,joshua_1727
798,Josh.16,Josh,16,joshua_1727
799,Josh.17,Josh,17,joshua_1727
800,Josh.18,Josh,18,joshua_1727
801,Josh.19,Josh,19,joshua_1727
802,Josh.20,Josh,20,joshua_1727
803,Josh.21,Josh,21,joshua_1727
804,Josh.22,Josh,22,joshua_1727
805,Josh.23,Josh,23,joshua_1727
806,Josh.24,Josh,24,joshua_1727
807,Jude.1,Jude,1,jude_1756
808,Judg.1,Judg,1,samuel_2469
809,Judg.2,Judg,2,samuel_2469
810,Judg.3,Judg,3,samuel_2469
811,Judg.4,Judg,4,samuel_2469
812,Judg.5,Judg,5,samuel_2469
813,Judg.6,Judg,6,samuel_2469
814,Judg.7,Judg,7,samuel_2469
815,Judg.8,Judg,8,samuel_2469
816,Judg.9,Judg,9,samuel_2469
817,Judg.10,Judg,10,samuel_2469
818,Judg.11,Judg,11,samuel_2469
819,Judg.12,Judg,12,samuel_2469
820,Judg.13,Judg,13,samuel_2469
821,Judg.14,Judg,14,samuel_2469
822,Judg.15,Judg,15,samuel_2469
823,Judg.16,Judg,16,samuel_2469
824,Judg.17,Judg,17,samuel_2469
825,Judg.18,Judg,18,samuel_2469
826,Judg.19,Judg,19,samuel_2469
827,Judg.20,Judg,20,samuel_2469
828,Judg.21,Judg,21,samuel_2469
829,Lam.1,Lam,1,jeremiah_853
830,Lam.2,Lam,2,jeremiah_853
831,Lam.3,Lam,3,jeremiah_853
832,Lam.4,Lam,4,jeremiah_853
833,Lam.5,Lam,5,jeremiah_853
834,Lev.1,Lev,1,moses_2108
835,Lev.2,Lev,2,moses_2108
836,Lev.3,Lev,3,moses_2108
837,Lev.4,Lev,4,moses_2108
838,Lev.5,Lev,5,moses_2108
839,Lev.6,Lev,6,moses_2108
840,Lev.7,Lev,7,moses_2108
841,Lev.8,Lev,8,moses_2108
842,Lev.9,Lev,9,moses_2108
843,Lev.10,Lev,10,moses_2108
844,Lev.11,Lev,11,moses_2108
845,Lev.12,Lev,12,moses_2108
846,Lev.13,Lev,13,moses_2108
847,Lev.14,Lev,14,moses_2108
848,Lev.15,Lev,15,moses_2108
849,Lev.16,Lev,16,moses_2108
850,Lev.17,Lev,17,moses_2108
851,Lev.18,Lev,18,moses_2108
852,Lev.19,Lev,19,moses_2108
853,Lev.20,Lev,20,moses_2108
854,Lev.21,Lev,21,moses_2108
855,Lev.22,Lev,22,moses_2108
856,Lev.23,Lev,23,moses_2108
857,Lev.24,Lev,24,moses_2108
858,Lev.25,Lev,25,moses_2108
859,Lev.26,Lev,26,moses_2108
860,Lev.27,Lev,27,moses_2108
861,Luke.1,Luke,1,luke_1836
862,Luke.2,Luke,2,luke_1836
863,Luke.3,Luke,3,luke_1836
864,Luke.4,Luke,4,luke_1836
865,Luke.5,Luke,5,luke_1836
866,Luke.6,Luke,6,luke_1836
867,Luke.7,Luke,7,luke_1836
868,Luke.8,Luke,8,luke_1836
869,Luke.9,Luke,9,luke_1836
870,Luke.10,Luke,10,luke_1836
871,Luke.11,Luke,11,luke_1836
872,Luke.12,Luke,12,luke_1836
873,Luke.13,Luke,13,luke_1836
874,Luke.14,Luke,14,luke_1836
875,Luke.15,Luke,15,luke_1836
876,Luke.16,Luke,16,luke_1836
877,Luke.17,Luke,17,luke_1836
878,Luke.18,Luke,18,luke_1836
879,Luke.19,Luke,19,luke_1836
880,Luke.20,Luke,20,luke_1836
881,Luke.21,Luke,21,luke_1836
882,Luke.22,Luke,22,luke_1836
883,Luke.23,Luke,23,luke_1836
884,Luke.24,Luke,24,luke_1836
885,Mal.1,Mal,1,malachi_1899
886,Mal.2,Mal,2,malachi_1899
887,Mal.3,Mal,3,malachi_1899
888,Mal.4,Mal,4,malachi_1899
889,Mark.1,Mark,1,mark_1679
890,Mark.2,Mark,2,mark_1679
891,Mark.3,Mark,3,mark_1679
892,Mark.4,Mark,4,mark_1679
893,Mark.5,Mark,5,mark_1679
894,Mark.6,Mark,6,mark_1679
895,Mark.7,Mark,7,mark_1679
896,Mark.8,Mark,8,mark_1679
897,Mark.9,Mark,9,mark_1679
898,Mark.10,Mark,10,mark_1679
899,Mark.11,Mark,11,mark_1679
900,Mark.12,Mark,12,mark_1679
901,Mark.13,Mark,13,mark_1679
902,Mark.14,Mark,14,mark_1679
903,Mark.15,Mark,15,mark_1679
904,Mark.16,Mark,16,mark_1679
905,Matt.1,Matt,1,matthew_1971
906,Matt.2,Matt,2,matthew_1971
907,Matt.3,Matt,3,matthew_1971
908,Matt.4,Matt,4,matthew_1971
909,Matt.5,Matt,5,matthew_1971
910,Matt.6,Matt,6,matthew_1971
911,Matt.7,Matt,7,matthew_1971
912,Matt.8,Matt,8,matthew_1971
913,Matt.9,Matt,9,matthew_1971
914,Matt.10,Matt,10,matthew_1971
915,Matt.11,Matt,11,matthew_1971
916,Matt.12,Matt,12,matthew_1971
917,Matt.13,Matt,13,matthew_1971
918,Matt.14,Matt,14,matthew_1971
919,Matt.15,Matt,15,matthew_1971
920,Matt.16,Matt,16,matthew_1971
921,Matt.17,Matt,17,matthew_1971
922,Matt.18,Matt,18,matthew_1971
923,Matt.19,Matt,19,matthew_1971
924,Matt.20,Matt,20,matthew_1971
925,Matt.21,Matt,21,matthew_1971
926,Matt.22,Matt,22,matthew_1971
927,Matt.23,Matt,23,matthew_1971
928,Matt.24,Matt,24,matthew_1971
929,Matt.25,Matt,25,matthew_1971
930,Matt.26,Matt,26,matthew_1971
931,Matt.27,Matt,27,matthew_1971
932,Matt.28,Matt,28,matthew_1971
933,Mic.1,Mic,1,micah_2053
934,Mic.2,Mic,2,micah_2053
935,Mic.3,Mic,3,micah_2053
936,Mic.4,Mic,4,micah_2053
937,Mic.5,Mic,5,micah_2053
938,Mic.6,Mic,6,micah_2053
939,Mic.7,Mic,7,micah_2053
940,Nah.1,Nah,1,nahum_2145
941,Nah.2,Nah,2,nahum_2145
942,Nah.3,Nah,3,nahum_2145
943,Neh.1,Neh,1,nehemiah_2172
944,Neh.2,Neh,2,nehemiah_2172
945,Neh.3,Neh,3,nehemiah_2172
946,Neh.4,Neh,4,nehemiah_2172
947,Neh.5,Neh,5,nehemiah_2172
948,Neh.6,Neh,6,nehemiah_2172
949,Neh.7,Neh,7,nehemiah_2172
950,Neh.8,Neh,8,nehemiah_2172
951,Neh.9,Neh,9,nehemiah_2172
952,Neh.10,Neh,10,nehemiah_2172
953,Neh.11,Neh,11,nehemiah_2172
954,Neh.12,Neh,12,nehemiah_2172
955,Neh.13,Neh,13,nehemiah_2172
956,Num.1,Num,1,moses_2108
957,Num.2,Num,2,moses_2108
958,Num.3,Num,3,moses_2108
959,Num.4,Num,4,moses_2108
960,Num.5,Num,5,moses_2108
961,Num.6,Num,6,moses_2108
962,Num.7,Num,7,moses_2108
963,Num.8,Num,8,moses_2108
964,Num.9,Num,9,moses_2108
965,Num.10,Num,10,moses_2108
966,Num.11,Num,11,moses_2108
967,Num.12,Num,12,moses_2108
968,Num.13,Num,13,moses_2108
969,Num.14,Num,14,moses_2108
970,Num.15,Num,15,moses_2108
971,Num.16,Num,16,moses_2108
972,Num.17,Num,17,moses_2108
973,Num.18,Num,18,moses_2108
974,Num.19,Num,19,moses_2108
975,Num.20,Num,20,moses_2108
976,Num.21,Num,21,moses_2108
977,Num.22,Num,22,moses_2108
978,Num.23,Num,23,moses_2108
979,Num.24,Num,24,moses_2108
980,Num.25,Num,25,moses_2108
981,Num.26,Num,26,moses_2108
982,Num.27,Num,27,moses_2108
983,Num.28,Num,28,moses_2108
984,Num.29,Num,29,moses_2108
985,Num.30,Num,30,moses_2108
986,Num.31,Num,31,moses_2108
987,Num.32,Num,32,moses_2108
988,Num.33,Num,33,moses_2108
989,Num.34,Num,34,moses_2108
990,Num.35,Num,35,moses_2108
991,Num.36,Num,36,moses_2108
992,Obad.1,Obad,1,obadiah_2226
993,Phil.1,Phil,1,paul_2479
994,Phil.2,Phil,2,paul_2479
995,Phil.3,Phil,3,paul_2479
996,Phil.4,Phil,4,paul_2479
997,Phlm.1,Phlm,1,paul_2479
998,Prov.1,Prov,1,solomon_2762
999,Prov.2,Prov,2,solomon_2762
1000,Prov.3,Prov,3,solomon_2762
1001,Prov.4,Prov,4,solomon_2762
1002,Prov.5,Prov,5,solomon_2762
1003,Prov.6,Prov,6,solomon_2762
1004,Prov.7,Prov,7,solomon_2762
1005,Prov.8,Prov,8,solomon_2762
1006,Prov.9,Prov,9,solomon_2762
1007,Prov.10,Prov,10,solomon_2762
1008,Prov.11,Prov,11,solomon_2762
1009,Prov.12,Prov,12,solomon_2762
1010,Prov.13,Prov,13,solomon_2762
1011,Prov.14,Prov,14,solomon_2762
1012,Prov.15,Prov,15,solomon_2762
1013,Prov.16,Prov,16,solomon_2762
1014,Prov.17,Prov,17,solomon_2762
1015,Prov.18,Prov,18,solomon_2762
1016,Prov.19,Prov,19,solomon_2762
1017,Prov.20,Prov,20,solomon_2762
1018,Prov.21,Prov,21,solomon_2762
1019,Prov.22,Prov,22,solomon_2762
1020,Prov.23,Prov,23,solomon_2762
1021,Prov.24,Prov,24,solomon_2762
1022,Prov.25,Prov,25,solomon_2762
1023,Prov.26,Prov,26,solomon_2762
1024,Prov.27,Prov,27,solomon_2762
1025,Prov.28,Prov,28,solomon_2762
1026,Prov.29,Prov,29,solomon_2762
1027,Prov.30,Prov,30,agur_112
1028,Prov.31,Prov,31,lemuel_1817
1029,Ps.1,Ps,1,
1030,Ps.2,Ps,2,david_994
1031,Ps.3,Ps,3,david_994
1032,Ps.4,Ps,4,david_994
1033,Ps.5,Ps,5,david_994
1034,Ps.6,Ps,6,david_994
1035,Ps.7,Ps,7,david_994
1036,Ps.8,Ps,8,david_994
1037,Ps.9,Ps,9,david_994
1038,Ps.10,Ps,10,
1039,Ps.11,Ps,11,david_994
1040,Ps.12,Ps,12,david_994
1041,Ps.13,Ps,13,david_994
1042,Ps.14,Ps,14,david_994
1043,Ps.15,Ps,15,david_994
1044,Ps.16,Ps,16,david_994
1045,Ps.17,Ps,17,david_994
1046,Ps.18,Ps,18,david_994
1047,Ps.19,Ps,19,david_994
1048,Ps.20,Ps,20,david_994
1049,Ps.21,Ps,21,david_994
1050,Ps.22,Ps,22,david_994
1051,Ps.23,Ps,23,david_994
1052,Ps.24,Ps,24,david_994
1053,Ps.25,Ps,25,david_994
1054,Ps.26,Ps,26,david_994
1055,Ps.27,Ps,27,david_994
1056,Ps.28,Ps,28,david_994
1057,Ps.29,Ps,29,david_994
1058,Ps.30,Ps,30,david_994
1059,Ps.31,Ps,31,david_994
1060,Ps.32,Ps,32,david_994
1061,Ps.33,Ps,33,david_994
1062,Ps.34,Ps,34,david_994
1063,Ps.35,Ps,35,david_994
1064,Ps.36,Ps,36,david_994
1065,Ps.37,Ps,37,david_994
1066,Ps.38,Ps,38,david_994
1067,Ps.39,Ps,39,david_994
1068,Ps.40,Ps,40,david_994
1069,Ps.41,Ps,41,david_994
1070,Ps.42,Ps,42,
1071,Ps.43,Ps,43,
1072,Ps.44,Ps,44,
1073,Ps.45,Ps,45,
1074,Ps.46,Ps,46,
1075,Ps.47,Ps,47,
1076,Ps.48,Ps,48,
1077,Ps.49,Ps,49,
1078,Ps.50,Ps,50,asaph_330
1079,Ps.51,Ps,51,david_994
1080,Ps.52,Ps,52,david_994
1081,Ps.53,Ps,53,david_994
1082,Ps.54,Ps,54,david_994
1083,Ps.55,Ps,55,david_994
1084,Ps.56,Ps,56,david_994
1085,Ps.57,Ps,57,david_994
1086,Ps.58,Ps,58,david_994
1087,Ps.59,Ps,59,david_994
1088,Ps.60,Ps,60,david_994
1089,Ps.61,Ps,61,david_994
1090,Ps.62,Ps,62,david_994
1091,Ps.63,Ps,63,david_994
1092,Ps.64,Ps,64,david_994
1093,Ps.65,Ps,65,david_994
1094,Ps.66,Ps,66,
1095,Ps.67,Ps,67,
1096,Ps.68,Ps,68,david_994
1097,Ps.69,Ps,69,david_994
1098,Ps.70,Ps,70,david_994
1099,Ps.71,Ps,71,
1100,Ps.72,Ps,72,solomon_2762
1101,Ps.73,Ps,73,asaph_330
1102,Ps.74,Ps,74,asaph_330
1103,Ps.75,Ps,75,asaph_330
1104,Ps.76,Ps,76,asaph_330
1105,Ps.77,Ps,77,asaph_330
1106,Ps.78,Ps,78,asaph_330
1107,Ps.79,Ps,79,asaph_330
1108,Ps.80,Ps,80,asaph_330
1109,Ps.81,Ps,81,asaph_330
1110,Ps.82,Ps,82,asaph_330
1111,Ps.83,Ps,83,asaph_330
1112,Ps.84,Ps,84,
1113,Ps.85,Ps,85,
1114,Ps.86,Ps,86,david_994
1115,Ps.87,Ps,87,
1116,Ps.88,Ps,88,heman_1488
1117,Ps.89,Ps,89,ethan_1222
1118,Ps.90,Ps,90,moses_2108
1119,Ps.91,Ps,91,
1120,Ps.92,Ps,92,
1121,Ps.93,Ps,93,
1122,Ps.94,Ps,94,
1123,Ps.95,Ps,95,david_994
1124,Ps.96,Ps,96,
1125,Ps.97,Ps,97,
1126,Ps.98,Ps,98,
1127,Ps.99,Ps,99,
1128,Ps.100,Ps,100,
1129,Ps.101,Ps,101,david_994
1130,Ps.102,Ps,102,
1131,Ps.103,Ps,103,david_994
1132,Ps.104,Ps,104,
1133,Ps.105,Ps,105,
1134,Ps.106,Ps,106,
1135,Ps.107,Ps,107,
1136,Ps.108,Ps,108,david_994
1137,Ps.109,Ps,109,david_994
1138,Ps.110,Ps,110,david_994
1139,Ps.111,Ps,111,
1140,Ps.112,Ps,112,
1141,Ps.113,Ps,113,
1142,Ps.114,Ps,114,
1143,Ps.115,Ps,115,
1144,Ps.116,Ps,116,
1145,Ps.117,Ps,117,
1146,Ps.118,Ps,118,
1147,Ps.119,Ps,119,
1148,Ps.120,Ps,120,
1149,Ps.121,Ps,121,
1150,Ps.122,Ps,122,david_994
1151,Ps.123,Ps,123,
1152,Ps.124,Ps,124,david_994
1153,Ps.125,Ps,125,
1154,Ps.126,Ps,126,
1155,Ps.127,Ps,127,solomon_2762
1156,Ps.128,Ps,128,
1157,Ps.129,Ps,129,
1158,Ps.130,Ps,130,
1159,Ps.131,Ps,131,david_994
1160,Ps.132,Ps,132,
1161,Ps.133,Ps,133,david_994
1162,Ps.134,Ps,134,
1163,Ps.135,Ps,135,
1164,Ps.136,Ps,136,
1165,Ps.137,Ps,137,
1166,Ps.138,Ps,138,david_994
1167,Ps.139,Ps,139,david_994
1168,Ps.140,Ps,140,david_994
1169,Ps.141,Ps,141,david_994
1170,Ps.142,Ps,142,david_994
1171,Ps.143,Ps,143,david_994
1172,Ps.144,Ps,144,david_994
1173,Ps.145,Ps,145,david_994
1174,Ps.146,Ps,146,
1175,Ps.147,Ps,147,
1176,Ps.148,Ps,148,
1177,Ps.149,Ps,149,
1178,Ps.150,Ps,150,
1179,Rev.1,Rev,1,john_1677
1180,Rev.2,Rev,2,john_1677
1181,Rev.3,Rev,3,john_1677
1182,Rev.4,Rev,4,john_1677
1183,Rev.5,Rev,5,john_1677
1184,Rev.6,Rev,6,john_1677
1185,Rev.7,Rev,7,john_1677
1186,Rev.8,Rev,8,john_1677
1187,Rev.9,Rev,9,john_1677
1188,Rev.10,Rev,10,john_1677
1189,Rev.11,Rev,11,john_1677
1190,Rev.12,Rev,12,john_1677
1191,Rev.13,Rev,13,john_1677
1192,Rev.14,Rev,14,john_1677
1193,Rev.15,Rev,15,john_1677
1194,Rev.16,Rev,16,john_1677
1195,Rev.17,Rev,17,john_1677
1196,Rev.18,Rev,18,john_1677
1197,Rev.19,Rev,19,john_1677
1198,Rev.20,Rev,20,john_1677
1199,Rev.21,Rev,21,john_1677
1200,Rev.22,Rev,22,john_1677
1201,Rom.1,Rom,1,paul_2479
1202,Rom.2,Rom,2,paul_2479
1203,Rom.3,Rom,3,paul_2479
1204,Rom.4,Rom,4,paul_2479
1205,Rom.5,Rom,5,paul_2479
1206,Rom.6,Rom,6,paul_2479
1207,Rom.7,Rom,7,paul_2479
1208,Rom.8,Rom,8,paul_2479
1209,Rom.9,Rom,9,paul_2479
1210,Rom.10,Rom,10,paul_2479
1211,Rom.11,Rom,11,paul_2479
1212,Rom.12,Rom,12,paul_2479
1213,Rom.13,Rom,13,paul_2479
1214,Rom.14,Rom,14,paul_2479
1215,Rom.15,Rom,15,paul_2479
1216,Rom.16,Rom,16,paul_2479
1217,Ruth.1,Ruth,1,samuel_2469
1218,Ruth.2,Ruth,2,samuel_2469
1219,Ruth.3,Ruth,3,samuel_2469
1220,Ruth.4,Ruth,4,samuel_2469
1221,Song.1,Song,1,solomon_2762
1222,Song.2,Song,2,solomon_2762
1223,Song.3,Song,3,solomon_2762
1224,Song.4,Song,4,solomon_2762
1225,Song.5,Song,5,solomon_2762
1226,Song.6,Song,6,solomon_2762
1227,Song.7,Song,7,solomon_2762
1228,Song.8,Song,8,solomon_2762
1229,Titus.1,Titus,1,paul_2479
1230,Titus.2,Titus,2,paul_2479
1231,Titus.3,Titus,3,paul_2479
1232,Zech.1,Zech,1,zechariah_3016
1233,Zech.2,Zech,2,zechariah_3016
1234,Zech.3,Zech,3,zechariah_3016
1235,Zech.4,Zech,4,zechariah_3016
1236,Zech.5,Zech,5,zechariah_3016
1237,Zech.6,Zech,6,zechariah_3016
1238,Zech.7,Zech,7,zechariah_3016
1239,Zech.8,Zech,8,zechariah_3016
1240,Zech.9,Zech,9,zechariah_3016
1241,Zech.10,Zech,10,zechariah_3016
1242,Zech.11,Zech,11,zechariah_3016
1243,Zech.12,Zech,12,zechariah_3016
1244,Zech.13,Zech,13,zechariah_3016
1245,Zech.14,Zech,14,zechariah_3016
1246,Zeph.1,Zeph,1,zephaniah_3040
1247,Zeph.2,Zeph,2,zephaniah_3040
1248,Zeph.3,Zeph,3,zephaniah_3040
